VendorID,lpep_pickup_datetime,lpep_dropoff_datetime,store_and_fwd_flag,RatecodeID,PULocationID,DOLocationID,passenger_count,trip_distance,fare_amount,extra,mta_tax,tip_amount,tolls_amount,ehail_fee,improvement_surcharge,total_amount,payment_type,trip_type,congestion_surcharge
2,2023-04-30 20:52:10,2023-04-30 21:05:26,N,1,244,213,1,6.99,28.9,1.0,0.5,0.0,0.0,-,1.0,31.4,1,1,0.0
2,2023-04-30 20:29:49,2023-04-30 20:50:11,N,1,33,100,1,6.6,30.3,1.0,0.5,5.0,0.0,-,1.0,40.55,1,1,2.75
2,2023-04-30 20:25:19,2023-04-30 20:32:12,N,1,244,244,1,1.34,9.3,1.0,0.5,2.36,0.0,-,1.0,14.16,1,1,0.0
2,2023-04-30 20:07:06,2023-04-30 20:27:33,N,5,82,75,1,7.79,22.73,0.0,0.0,2.29,6.55,-,1.0,32.57,1,1,0.0
2,2023-04-30 20:43:31,2023-04-30 20:46:59,N,1,69,169,1,0.7,6.5,1.0,0.5,0.0,0.0,-,1.0,9.0,2,1,0.0
2,2023-04-30 20:51:54,2023-04-30 21:00:24,N,1,169,69,1,1.54,10.0,1.0,0.5,0.0,0.0,-,1.0,12.5,1,1,0.0
2,2023-04-30 20:27:46,2023-04-30 20:49:17,N,1,75,80,1,10.75,42.2,1.0,0.5,0.0,6.55,-,1.0,51.25,1,1,0.0
1,2023-04-30 20:27:14,2023-04-30 20:41:23,N,1,41,244,1,4.4,15.0,0.5,1.5,3.4,0.0,-,1.0,20.4,1,1,0.0
2,2023-04-30 20:24:14,2023-04-30 20:35:16,N,1,74,151,1,2.6,14.2,1.0,0.5,4.18,0.0,-,1.0,20.88,1,1,0.0
2,2023-04-30 20:46:55,2023-04-30 20:59:19,N,1,166,244,1,2.72,15.6,1.0,0.5,3.62,0.0,-,1.0,21.72,1,1,0.0
2,2023-04-30 20:47:56,2023-04-30 21:03:36,N,1,95,82,1,2.95,18.4,1.0,0.5,2.0,0.0,-,1.0,22.9,1,1,0.0
2,2023-04-30 20:01:24,2023-04-30 20:09:45,N,1,95,95,2,1.69,10.0,1.0,0.5,0.0,0.0,-,1.0,12.5,2,1,0.0
2,2023-04-30 20:11:52,2023-04-30 21:06:57,N,1,129,82,2,2.47,42.2,1.0,0.5,0.0,0.0,-,1.0,44.7,2,1,0.0
2,2023-04-30 20:43:51,2023-04-30 21:10:50,N,1,173,129,2,3.6,25.4,1.0,0.5,0.0,0.0,-,1.0,27.9,2,1,0.0
2,2023-04-30 20:55:01,2023-04-30 21:02:57,N,1,82,129,1,1.13,8.6,1.0,0.5,2.22,0.0,-,1.0,13.32,1,1,0.0
2,2023-04-30 20:55:36,2023-04-30 21:08:30,N,1,42,41,1,1.78,13.5,1.0,0.5,3.2,0.0,-,1.0,19.2,1,1,0.0
2,2023-04-30 20:22:54,2023-04-30 20:32:09,N,1,92,53,1,2.2,12.8,1.0,0.5,0.0,0.0,-,1.0,15.3,2,1,0.0
2,2023-04-30 20:22:40,2023-04-30 20:30:56,N,1,95,135,1,2.29,12.1,1.0,0.5,0.0,0.0,-,1.0,14.6,2,1,0.0
2,2023-04-30 20:53:11,2023-04-30 21:11:20,N,1,127,235,1,6.23,27.5,1.0,0.5,0.0,0.0,-,1.0,30.0,2,1,0.0
2,2023-04-30 20:35:58,2023-04-30 20:39:08,N,1,7,7,1,0.66,5.1,1.0,0.5,0.0,0.0,-,1.0,7.6,2,1,0.0
2,2023-04-30 21:56:45,2023-04-30 22:22:52,N,1,42,42,1,6.56,33.1,1.0,0.5,0.0,0.0,-,1.0,35.6,2,1,0.0
2,2023-04-30 21:36:37,2023-04-30 21:53:27,N,1,129,92,1,3.76,20.5,1.0,0.5,4.6,0.0,-,1.0,27.6,1,1,0.0
2,2023-04-30 21:56:20,2023-04-30 22:19:07,N,1,92,130,1,7.08,33.8,1.0,0.5,0.0,0.0,-,1.0,36.3,2,1,0.0
2,2023-04-30 21:28:39,2023-04-30 21:37:06,N,1,75,237,1,1.7,11.4,1.0,0.5,0.0,0.0,-,1.0,16.65,2,1,2.75
2,2023-04-30 21:28:41,2023-04-30 21:39:16,N,1,97,217,2,2.53,14.2,1.0,0.5,0.0,0.0,-,1.0,16.7,2,1,0.0
2,2023-04-30 21:20:40,2023-04-30 21:29:43,N,1,130,10,1,1.95,11.4,1.0,0.5,2.78,0.0,-,1.0,16.68,1,1,0.0
2,2023-04-30 21:13:01,2023-04-30 21:18:39,N,1,95,95,1,1.03,7.2,1.0,0.5,0.0,0.0,-,1.0,9.7,2,1,0.0
2,2023-04-30 21:16:35,2023-04-30 21:24:57,N,1,243,152,1,4.2,18.4,1.0,0.5,2.0,0.0,-,1.0,22.9,1,1,0.0
2,2023-04-30 21:02:56,2023-04-30 21:16:44,N,1,7,83,1,1.89,14.2,1.0,0.5,0.0,0.0,-,1.0,16.7,2,1,0.0
2,2023-04-30 21:25:23,2023-04-30 21:31:00,N,5,41,74,1,1.1,8.0,0.0,0.0,0.0,0.0,-,1.0,9.0,2,2,0.0
2,2023-04-30 21:43:13,2023-04-30 21:55:58,N,5,42,168,1,3.34,14.0,0.0,0.0,0.0,0.0,-,1.0,15.0,2,2,0.0
2,2023-04-30 22:12:11,2023-04-30 22:28:29,N,1,243,212,1,4.64,23.3,1.0,0.5,0.0,0.0,-,1.0,25.8,2,1,0.0
2,2023-04-30 22:25:20,2023-04-30 22:31:36,N,1,129,260,2,1.35,9.3,1.0,0.5,0.0,0.0,-,1.0,11.8,2,1,0.0
2,2023-04-30 23:00:27,2023-04-30 23:12:42,N,1,129,92,1,6.03,26.1,1.0,0.5,0.0,0.0,-,1.0,28.6,2,1,0.0
2,2023-04-30 22:37:49,2023-04-30 23:01:27,N,1,129,56,1,8.72,37.3,1.0,0.5,0.0,0.0,-,1.0,39.8,2,1,0.0
2,2023-04-30 22:57:35,2023-04-30 23:08:39,N,1,260,173,2,1.92,13.5,1.0,0.5,0.0,0.0,-,1.0,16.0,2,1,0.0
2,2023-04-30 22:37:22,2023-04-30 22:44:11,N,1,129,83,1,1.17,9.3,1.0,0.5,0.0,0.0,-,1.0,11.8,2,1,0.0
2,2023-04-30 22:29:09,2023-04-30 22:44:09,N,5,116,235,1,2.81,12.0,0.0,0.0,0.0,0.0,-,1.0,13.0,2,2,0.0
2,2023-04-30 23:45:51,2023-04-30 23:52:37,N,1,260,82,1,1.48,9.3,1.0,0.5,0.0,0.0,-,1.0,11.8,2,1,0.0
2,2023-04-30 23:25:56,2023-04-30 23:32:23,N,1,129,260,1,0.64,7.9,1.0,0.5,0.0,0.0,-,1.0,10.4,2,1,0.0
2,2023-04-30 22:27:49,2023-04-30 22:30:16,N,1,75,262,1,0.43,5.1,1.0,0.5,2.07,0.0,-,1.0,12.42,1,1,2.75
2,2023-04-30 23:49:04,2023-04-30 23:52:08,N,1,129,129,1,0.37,5.1,1.0,0.5,1.52,0.0,-,1.0,9.12,1,1,0.0
1,2023-04-30 23:31:37,2023-04-30 23:37:05,N,1,129,82,1,1.0,7.2,1.0,1.5,0.0,0.0,-,1.0,9.7,2,1,0.0
2,2023-04-30 23:39:22,2023-04-30 23:59:59,N,1,83,36,1,4.74,24.0,1.0,0.5,0.0,0.0,-,1.0,26.5,2,1,0.0
2,2023-04-30 23:54:34,2023-05-01 00:03:32,N,1,82,173,1,1.96,11.4,1.0,0.5,2.0,0.0,-,1.0,15.9,1,1,0.0
2,2023-04-30 23:19:58,2023-04-30 23:21:59,N,1,129,129,1,0.02,4.4,1.0,0.5,0.0,0.0,-,1.0,6.9,2,1,0.0
2,2023-04-30 23:03:49,2023-04-30 23:13:02,N,5,129,129,1,1.49,12.0,0.0,0.0,0.0,0.0,-,1.0,13.0,2,2,0.0
2,2023-04-30 23:14:47,2023-04-30 23:23:22,N,1,82,138,2,3.85,17.7,6.0,0.5,5.04,0.0,-,1.0,30.24,1,1,0.0
2,2023-04-30 23:57:49,2023-05-01 00:13:36,N,1,129,192,2,7.14,30.3,1.0,0.5,2.0,0.0,-,1.0,34.8,1,1,0.0
2,2023-04-30 23:26:41,2023-04-30 23:59:54,N,1,129,173,2,4.59,30.3,1.0,0.5,0.0,0.0,-,1.0,32.8,2,1,0.0
2,2023-04-30 23:52:31,2023-04-30 23:58:43,N,1,42,75,1,1.58,9.3,1.0,0.5,2.36,0.0,-,1.0,14.16,1,1,0.0
2,2023-04-30 23:03:54,2023-04-30 23:10:46,N,1,129,129,1,1.09,8.6,1.0,0.5,0.0,0.0,-,1.0,11.1,2,1,0.0
2,2023-04-30 23:21:50,2023-04-30 23:28:00,N,1,129,129,1,0.77,7.9,1.0,0.5,0.0,0.0,-,1.0,10.4,2,1,0.0
2,2023-04-30 23:38:12,2023-04-30 23:48:35,N,1,129,7,1,2.68,15.6,1.0,0.5,0.0,0.0,-,1.0,18.1,2,1,0.0
2,2023-04-30 23:03:21,2023-04-30 23:13:38,N,5,116,120,1,2.56,14.0,0.0,0.0,0.0,0.0,-,1.0,15.0,2,2,0.0
2,2023-04-30 23:54:09,2023-05-01 00:04:32,N,1,116,143,1,4.18,19.1,1.0,0.5,4.87,0.0,-,1.0,29.22,1,1,2.75
2,2023-05-01 00:22:30,2023-05-01 00:29:37,N,1,75,75,2,0.97,8.6,1.0,0.5,2.22,0.0,-,1.0,13.32,1,1,0.0
2,2023-05-01 00:00:50,2023-05-01 00:09:39,N,1,129,129,1,1.35,10.0,1.0,0.5,0.0,0.0,-,1.0,12.5,2,1,0.0
2,2023-05-01 00:23:56,2023-05-01 00:42:11,N,1,129,131,1,10.42,41.5,1.0,0.5,0.0,0.0,-,1.0,44.0,2,1,0.0
2,2023-05-01 00:14:48,2023-05-01 00:27:14,N,1,129,260,1,1.51,12.8,1.0,0.5,0.0,0.0,-,1.0,15.3,2,1,0.0
1,2023-05-01 00:01:59,2023-05-01 00:04:19,N,1,129,129,1,0.3,4.4,1.0,1.5,0.0,0.0,-,1.0,6.9,2,1,0.0
1,2023-05-01 00:14:00,2023-05-01 00:23:50,N,1,129,7,1,2.2,12.1,1.0,1.5,0.0,0.0,-,1.0,14.6,2,1,0.0
2,2023-05-01 00:12:03,2023-05-01 00:19:43,N,1,260,129,2,1.61,10.0,1.0,0.5,0.0,0.0,-,1.0,12.5,2,1,0.0
2,2023-05-01 00:36:56,2023-05-01 00:53:19,N,1,129,53,2,5.83,25.4,1.0,0.5,3.0,0.0,-,1.0,30.9,1,1,0.0
2,2023-05-01 00:53:14,2023-05-01 00:57:58,N,1,92,53,1,1.07,7.9,1.0,0.5,0.0,0.0,-,1.0,10.4,1,1,0.0
2,2023-05-01 00:06:49,2023-05-01 00:13:49,N,1,82,129,2,0.99,8.6,1.0,0.5,3.33,0.0,-,1.0,14.43,1,1,0.0
2,2023-05-01 00:17:08,2023-05-01 00:38:13,N,1,83,82,1,4.34,23.3,1.0,0.5,0.0,0.0,-,1.0,25.8,2,1,0.0
2,2023-05-01 01:03:53,2023-05-01 01:09:58,N,1,25,25,1,0.98,8.6,1.0,0.5,2.22,0.0,-,1.0,13.32,1,1,0.0
2,2023-05-01 01:07:00,2023-05-01 01:18:32,N,1,92,171,1,1.22,12.1,1.0,0.5,0.0,0.0,-,1.0,14.6,2,1,0.0
2,2023-05-01 01:49:02,2023-05-01 02:06:00,N,1,134,132,1,4.68,21.2,1.0,0.5,0.0,0.0,-,1.0,23.7,1,1,0.0
2,2023-05-01 01:06:45,2023-05-01 01:15:21,N,1,70,223,2,2.25,12.1,1.0,0.5,0.0,0.0,-,1.0,14.6,2,1,0.0
2,2023-05-01 01:08:55,2023-05-01 01:23:02,N,5,82,82,1,0.01,15.0,0.0,0.0,0.0,0.0,-,1.0,16.0,2,2,0.0
2,2023-05-01 01:22:11,2023-05-01 01:38:12,N,5,92,132,1,10.47,40.0,0.0,0.0,8.2,0.0,-,1.0,49.2,1,2,0.0
2,2023-05-01 01:11:31,2023-05-01 01:23:26,N,1,260,173,2,2.38,15.6,1.0,0.5,0.0,0.0,-,1.0,18.1,1,1,0.0
2,2023-05-01 01:02:07,2023-05-01 01:07:09,N,1,82,129,1,0.84,7.2,1.0,0.5,0.0,0.0,-,1.0,9.7,2,1,0.0
2,2023-05-01 01:19:41,2023-05-01 01:26:48,N,1,82,173,1,1.18,9.3,1.0,0.5,0.0,0.0,-,1.0,11.8,2,1,0.0
2,2023-05-01 02:00:55,2023-05-01 02:03:45,N,1,75,74,1,1.17,7.2,1.0,0.5,0.0,0.0,-,1.0,9.7,2,1,0.0
2,2023-05-01 02:27:23,2023-05-01 02:32:28,N,1,74,75,1,1.26,7.9,0.0,0.5,1.88,0.0,-,1.0,11.28,1,1,0.0
2,2023-05-01 02:57:34,2023-05-01 03:06:49,N,1,74,166,1,2.0,11.4,0.0,0.5,2.58,0.0,-,1.0,15.48,1,1,0.0
2,2023-05-01 02:57:30,2023-05-01 03:13:47,N,1,130,205,1,2.91,18.4,0.0,0.5,1.0,0.0,-,1.0,20.9,1,1,0.0
2,2023-05-01 02:42:06,2023-05-01 02:49:58,N,1,244,42,1,3.3,14.9,0.0,0.5,3.28,0.0,-,1.0,19.68,1,1,0.0
2,2023-05-01 02:37:48,2023-05-01 02:48:56,N,1,74,233,1,3.88,18.4,0.0,0.5,5.66,0.0,-,1.0,28.31,1,1,2.75
2,2023-05-01 02:44:24,2023-05-01 02:46:25,N,1,42,41,1,0.89,5.8,0.0,0.5,0.0,0.0,-,1.0,7.3,2,1,0.0
1,2023-05-01 02:25:12,2023-05-01 02:31:22,N,1,74,75,1,1.5,8.6,0.0,1.5,2.5,0.0,-,1.0,12.6,1,1,0.0
1,2023-05-01 02:51:39,2023-05-01 02:58:28,N,1,74,75,1,1.3,8.6,0.0,1.5,2.0,0.0,-,1.0,12.1,1,1,0.0
2,2023-05-01 02:58:53,2023-05-01 03:12:06,N,1,74,236,1,1.84,13.5,0.0,0.5,3.55,0.0,-,1.0,21.3,1,1,2.75
2,2023-05-01 02:47:09,2023-05-01 02:52:59,N,1,74,166,1,1.11,8.6,0.0,0.5,3.03,0.0,-,1.0,13.13,1,1,0.0
1,2023-05-01 02:43:09,2023-05-01 02:57:19,N,1,74,138,1,7.1,27.5,5.0,1.5,7.1,6.55,-,1.0,47.65,1,1,0.0
2,2023-05-01 02:03:33,2023-05-01 02:08:57,N,1,74,75,5,1.39,8.6,0.0,0.5,0.0,0.0,-,1.0,10.1,2,1,0.0
2,2023-05-01 02:41:46,2023-05-01 02:49:02,N,1,74,74,5,1.13,9.3,0.0,0.5,0.0,0.0,-,1.0,10.8,2,1,0.0
2,2023-05-01 02:57:43,2023-05-01 03:08:01,N,1,74,75,4,1.39,10.7,0.0,0.5,1.83,0.0,-,1.0,14.03,1,1,0.0
2,2023-05-01 02:41:43,2023-05-01 02:49:37,N,1,74,41,1,1.38,10.0,0.0,0.5,2.3,0.0,-,1.0,13.8,1,1,0.0
2,2023-05-01 02:41:53,2023-05-01 02:51:49,N,1,74,237,6,2.96,14.2,0.0,0.5,2.77,0.0,-,1.0,21.22,1,1,2.75
2,2023-05-01 02:26:48,2023-05-01 02:33:05,N,1,74,75,1,1.3,8.6,0.0,0.5,2.02,0.0,-,1.0,12.12,1,1,0.0
2,2023-05-01 02:58:27,2023-05-01 03:21:46,N,1,76,132,1,7.98,35.9,0.0,0.5,0.0,0.0,-,1.0,37.4,2,1,0.0
2,2023-05-01 02:59:33,2023-05-01 03:27:40,N,1,92,129,1,5.88,30.3,0.0,0.5,0.0,0.0,-,1.0,31.8,2,1,0.0
2,2023-05-01 02:08:27,2023-05-01 02:12:04,N,1,130,130,1,0.45,5.8,0.0,0.5,0.0,0.0,-,1.0,7.3,2,1,0.0
2,2023-05-01 02:31:32,2023-05-01 02:34:31,N,1,75,41,1,1.03,6.5,0.0,0.5,0.0,0.0,-,1.0,8.0,2,1,0.0
2,2023-05-01 02:41:48,2023-05-01 02:50:13,N,1,74,75,1,1.43,10.0,0.0,0.5,1.15,0.0,-,1.0,12.65,1,1,0.0
2,2023-05-01 02:55:08,2023-05-01 03:03:41,N,1,74,43,1,1.41,10.0,0.0,0.5,1.15,0.0,-,1.0,12.65,1,1,0.0
2,2023-05-01 02:48:36,2023-05-01 02:56:31,N,1,74,43,1,1.41,10.0,0.0,0.5,1.0,0.0,-,1.0,12.5,1,1,0.0
2,2023-05-01 02:52:08,2023-05-01 03:03:15,N,1,75,140,1,1.93,13.5,0.0,0.5,0.0,0.0,-,1.0,17.75,2,1,2.75
2,2023-05-01 02:40:19,2023-05-01 02:48:00,N,1,74,75,1,1.5,10.0,0.0,0.5,0.0,0.0,-,1.0,11.5,2,1,0.0
2,2023-05-01 02:56:01,2023-05-01 03:04:47,N,1,74,42,1,1.04,10.0,0.0,0.5,1.0,0.0,-,1.0,12.5,1,1,0.0
2,2023-05-01 02:24:17,2023-05-01 02:31:13,N,1,74,42,1,1.08,8.6,0.0,0.5,0.0,0.0,-,1.0,10.1,2,1,0.0
2,2023-05-01 02:51:17,2023-05-01 02:57:47,N,1,74,42,1,0.96,7.9,0.0,0.5,0.0,0.0,-,1.0,9.4,2,1,0.0
2,2023-05-01 02:39:39,2023-05-01 02:45:28,N,1,74,236,1,1.49,8.6,0.0,0.5,1.72,0.0,-,1.0,11.82,1,1,0.0
2,2023-05-01 02:51:47,2023-05-01 03:03:40,N,1,74,263,1,2.18,13.5,0.0,0.5,0.0,0.0,-,1.0,17.75,1,1,2.75
2,2023-05-01 02:53:08,2023-05-01 03:00:07,N,1,74,42,1,1.15,8.6,0.0,0.5,2.02,0.0,-,1.0,12.12,1,1,0.0
2,2023-05-01 02:31:10,2023-05-01 02:41:37,N,1,74,140,1,3.86,18.4,0.0,0.5,2.26,0.0,-,1.0,24.91,1,1,2.75
1,2023-05-01 02:02:59,2023-05-01 02:08:32,N,1,74,43,1,1.5,8.6,0.0,1.5,0.0,0.0,-,1.0,10.1,1,1,0.0
2,2023-05-01 02:18:40,2023-05-01 02:28:53,N,1,74,69,1,3.14,15.6,0.0,0.5,0.0,0.0,-,1.0,17.1,2,1,0.0
2,2023-05-01 02:58:55,2023-05-01 03:09:13,N,1,74,43,1,1.58,11.4,0.0,0.5,2.58,0.0,-,1.0,15.48,1,1,0.0
2,2023-05-01 02:53:53,2023-05-01 03:03:08,N,1,74,74,1,1.44,10.7,0.0,0.5,0.0,0.0,-,1.0,12.2,2,1,0.0
2,2023-05-01 02:49:44,2023-05-01 03:11:15,N,1,244,236,1,6.36,29.6,0.0,0.5,2.0,0.0,-,1.0,35.85,1,1,2.75
2,2023-05-01 02:27:25,2023-05-01 02:57:14,N,1,116,87,1,10.24,43.6,0.0,0.5,4.08,0.0,-,1.0,51.93,1,1,2.75
2,2023-05-01 03:10:30,2023-05-01 03:21:24,N,1,166,42,1,1.52,12.1,0.0,0.5,2.72,0.0,-,1.0,16.32,1,1,0.0
2,2023-05-01 03:57:27,2023-05-01 04:19:35,N,1,74,141,1,3.12,21.2,0.0,0.5,0.0,0.0,-,1.0,25.45,2,1,2.75
2,2023-05-01 03:23:09,2023-05-01 03:57:22,N,1,244,107,1,10.03,45.0,0.0,0.5,3.0,0.0,-,1.0,52.25,1,1,2.75
2,2023-05-01 03:01:09,2023-05-01 03:07:11,N,1,24,43,1,1.01,7.9,0.0,0.5,1.88,0.0,-,1.0,11.28,1,1,0.0
2,2023-05-01 03:19:35,2023-05-01 03:30:52,N,1,74,151,1,1.95,12.8,0.0,0.5,3.58,0.0,-,1.0,17.88,1,1,0.0
2,2023-05-01 03:44:20,2023-05-01 03:53:24,N,1,43,237,1,1.57,10.7,0.0,0.5,2.99,0.0,-,1.0,17.94,1,1,2.75
1,2023-05-01 03:29:21,2023-05-01 03:35:17,N,1,74,42,1,2.5,12.1,0.0,0.5,0.0,0.0,-,0.0,12.6,2,1,0.0
1,2023-05-01 03:51:25,2023-05-01 04:00:30,N,1,74,74,1,0.8,7.9,0.0,1.5,0.0,0.0,-,1.0,9.4,1,1,0.0
2,2023-05-01 03:54:04,2023-05-01 04:00:32,N,1,74,74,1,0.89,7.9,0.0,0.5,2.35,0.0,-,1.0,11.75,1,1,0.0
2,2023-05-01 03:22:56,2023-05-01 03:40:30,N,1,40,67,1,6.64,29.6,0.0,0.5,0.0,0.0,-,1.0,31.1,2,1,0.0
2,2023-05-01 03:58:06,2023-05-01 04:10:38,N,1,75,75,1,2.89,14.9,0.0,0.5,6.0,0.0,-,1.0,22.4,1,1,0.0
2,2023-05-01 03:25:02,2023-05-01 03:29:24,N,1,74,75,1,0.99,7.2,0.0,0.5,1.74,0.0,-,1.0,10.44,1,1,0.0
2,2023-05-01 03:35:01,2023-05-01 03:36:41,N,1,74,74,1,0.1,3.7,0.0,0.5,1.04,0.0,-,1.0,6.24,1,1,0.0
2,2023-05-01 03:37:34,2023-05-01 03:44:11,N,1,74,75,1,1.21,8.6,0.0,0.5,2.02,0.0,-,1.0,12.12,1,1,0.0
1,2023-05-01 03:13:10,2023-05-01 04:07:59,N,5,198,134,1,7.0,19.0,0.0,1.0,0.0,0.0,-,1.0,20.0,2,1,0.0
2,2023-05-01 03:06:00,2023-05-01 03:12:35,N,1,244,243,1,1.1,8.6,0.0,0.5,0.0,0.0,-,1.0,10.1,2,1,0.0
2,2023-05-01 03:15:30,2023-05-01 03:26:41,N,1,95,197,1,2.21,13.5,0.0,0.5,3.0,0.0,-,1.0,18.0,1,1,0.0
2,2023-05-01 03:47:26,2023-05-01 04:03:22,N,1,74,166,1,2.09,16.3,0.0,0.5,3.56,0.0,-,1.0,21.36,1,1,0.0
1,2023-05-01 03:36:24,2023-05-01 03:53:56,N,1,75,162,1,3.1,15.6,2.75,1.5,0.0,0.0,-,1.0,19.85,2,1,2.75
1,2023-05-01 03:10:18,2023-05-01 03:15:04,N,1,74,75,2,0.7,5.8,0.0,1.5,0.0,0.0,-,1.0,7.3,2,1,0.0
1,2023-05-01 03:24:18,2023-05-01 03:29:47,N,1,74,74,1,0.8,6.5,0.0,1.5,1.6,0.0,-,1.0,9.6,1,1,0.0
1,2023-05-01 03:41:06,2023-05-01 03:50:45,N,1,74,43,1,1.5,10.0,0.0,1.5,0.0,0.0,-,1.0,11.5,2,1,0.0
2,2023-05-01 03:18:26,2023-05-01 03:26:27,N,1,74,75,4,1.14,9.3,0.0,0.5,1.0,0.0,-,1.0,11.8,1,1,0.0
2,2023-05-01 03:46:15,2023-05-01 03:57:32,N,1,74,236,5,1.58,11.4,0.0,0.5,3.91,0.0,-,1.0,19.56,1,1,2.75
2,2023-05-01 03:31:52,2023-05-01 03:55:15,N,1,74,116,1,3.71,23.3,0.0,0.5,0.0,0.0,-,1.0,24.8,2,1,0.0
2,2023-05-01 03:37:23,2023-05-01 03:52:13,N,1,41,74,1,1.82,14.2,0.0,0.5,0.0,0.0,-,1.0,15.7,1,1,0.0
2,2023-05-01 03:14:45,2023-05-01 03:25:16,N,1,74,236,1,2.12,12.8,0.0,0.5,3.41,0.0,-,1.0,20.46,1,1,2.75
2,2023-05-01 03:34:40,2023-05-01 03:49:29,N,1,74,140,1,3.69,18.4,0.0,0.5,4.53,0.0,-,1.0,27.18,1,1,2.75
2,2023-05-01 04:03:33,2023-05-01 04:09:22,N,1,75,75,1,0.96,7.9,0.0,0.5,1.88,0.0,-,1.0,11.28,1,1,0.0
2,2023-05-01 03:05:27,2023-05-01 03:19:36,N,1,74,138,6,6.74,28.2,5.0,0.5,8.25,6.55,-,1.0,49.5,1,1,0.0
2,2023-05-01 03:43:47,2023-05-01 03:48:41,N,1,74,75,6,0.99,7.2,0.0,0.5,1.0,0.0,-,1.0,9.7,1,1,0.0
2,2023-05-01 03:58:02,2023-05-01 04:12:52,N,1,41,142,1,2.48,16.3,0.0,0.5,4.11,0.0,-,1.0,24.66,1,1,2.75
2,2023-05-01 03:41:35,2023-05-01 03:55:22,N,1,129,129,1,1.52,13.5,0.0,0.5,0.0,0.0,-,1.0,15.0,2,1,0.0
2,2023-05-01 03:24:13,2023-05-01 03:31:23,N,1,166,151,1,1.68,10.0,0.0,0.5,2.3,0.0,-,1.0,13.8,1,1,0.0
2,2023-05-01 03:41:24,2023-05-01 03:53:18,N,1,41,239,1,2.0,13.5,0.0,0.5,3.55,0.0,-,1.0,21.3,1,1,2.75
2,2023-05-01 03:56:24,2023-05-01 04:03:35,N,1,33,231,1,2.0,11.4,0.0,0.5,3.13,0.0,-,1.0,18.78,1,1,2.75
2,2023-05-01 03:21:16,2023-05-01 03:31:34,N,1,75,141,1,2.16,12.1,0.0,0.5,2.0,0.0,-,1.0,18.35,1,1,2.75
2,2023-05-01 03:12:15,2023-05-01 03:20:14,N,1,74,75,1,1.48,9.3,0.0,0.5,3.24,0.0,-,1.0,14.04,1,1,0.0
2,2023-05-01 03:32:14,2023-05-01 03:52:49,N,1,74,244,1,4.46,24.7,0.0,0.5,5.24,0.0,-,1.0,31.44,1,1,0.0
2,2023-05-01 03:54:16,2023-05-01 04:28:37,N,1,244,229,1,8.27,40.8,0.0,0.5,9.01,0.0,-,1.0,54.06,1,1,2.75
1,2023-05-01 03:28:50,2023-05-01 03:34:17,N,1,75,238,1,1.2,8.6,0.0,1.5,0.0,0.0,-,1.0,10.1,2,1,0.0
1,2023-05-01 03:54:15,2023-05-01 04:27:32,N,1,41,79,1,8.4,40.8,2.75,1.5,2.0,0.0,-,1.0,47.05,1,1,2.75
2,2023-05-01 03:18:16,2023-05-01 03:28:52,N,1,82,129,1,2.39,14.2,0.0,0.5,5.0,0.0,-,1.0,20.7,1,1,0.0
1,2023-05-01 03:02:17,2023-05-01 03:33:13,N,1,95,145,1,7.3,37.3,0.0,1.5,1.0,0.0,-,1.0,39.8,1,1,0.0
2,2023-05-01 03:32:57,2023-05-01 03:46:06,N,1,166,246,1,5.71,24.0,0.0,0.5,5.65,0.0,-,1.0,33.9,1,1,2.75
2,2023-05-01 03:17:55,2023-05-01 03:43:50,N,1,116,231,1,8.98,38.7,0.0,0.5,0.0,0.0,-,1.0,42.95,1,1,2.75
1,2023-05-01 03:55:18,2023-05-01 04:03:14,N,1,74,75,1,1.1,9.3,0.0,1.5,2.16,0.0,-,1.0,12.96,1,1,0.0
2,2023-05-01 04:00:24,2023-05-01 04:22:18,N,1,55,14,1,7.71,34.5,0.0,0.5,7.2,0.0,-,1.0,43.2,1,1,0.0
2,2023-05-01 03:12:54,2023-05-01 03:27:02,N,1,74,140,1,3.61,18.4,0.0,0.5,5.66,0.0,-,1.0,28.31,1,1,2.75
2,2023-05-01 03:56:38,2023-05-01 04:22:55,N,1,74,262,1,2.44,21.2,0.0,0.5,2.5,0.0,-,1.0,25.2,1,1,0.0
2,2023-05-01 03:23:15,2023-05-01 03:28:27,N,1,74,75,1,0.9,6.5,0.0,0.5,0.09,0.0,-,1.0,8.09,1,1,0.0
2,2023-05-01 03:35:01,2023-05-01 03:43:54,N,1,74,43,1,1.41,10.7,0.0,0.5,2.44,0.0,-,1.0,14.64,1,1,0.0
2,2023-05-01 03:47:18,2023-05-01 04:00:44,N,1,75,263,1,1.35,12.8,0.0,0.5,0.0,0.0,-,1.0,17.05,2,1,2.75
2,2023-05-01 03:05:33,2023-05-01 03:13:37,N,1,74,75,1,1.22,9.3,0.0,0.5,2.16,0.0,-,1.0,12.96,1,1,0.0
2,2023-05-01 03:27:57,2023-05-01 03:44:05,N,1,74,263,1,2.56,17.0,0.0,0.5,2.12,0.0,-,1.0,23.37,1,1,2.75
2,2023-05-01 03:21:04,2023-05-01 03:33:56,N,1,28,132,1,5.99,24.7,0.0,0.5,0.0,0.0,-,0.3,25.5,2,1,0.0
2,2023-05-01 03:20:33,2023-05-01 03:26:41,N,1,74,75,1,1.4,8.6,0.0,0.5,2.52,0.0,-,1.0,12.62,1,1,0.0
2,2023-05-01 03:27:41,2023-05-01 03:34:34,N,1,75,74,1,1.47,10.0,0.0,0.5,3.45,0.0,-,1.0,14.95,1,1,0.0
2,2023-05-01 03:46:26,2023-05-01 03:53:01,N,1,74,74,1,0.69,7.9,0.0,0.5,1.88,0.0,-,1.0,11.28,1,1,0.0
2,2023-05-01 03:08:44,2023-05-01 03:20:46,N,1,74,75,1,1.7,12.8,0.0,0.5,1.0,0.0,-,1.0,15.3,1,1,0.0
2,2023-05-01 03:31:34,2023-05-01 03:45:16,N,1,74,243,1,5.0,23.3,0.0,0.5,0.0,0.0,-,1.0,24.8,2,1,0.0
2,2023-05-01 03:15:56,2023-05-01 03:28:06,N,1,41,41,1,2.36,14.2,0.0,0.5,0.0,0.0,-,1.0,15.7,2,1,0.0
2,2023-05-01 03:31:12,2023-05-01 03:35:23,N,1,74,74,1,0.89,6.5,0.0,0.5,1.6,0.0,-,1.0,9.6,1,1,0.0
2,2023-05-01 03:42:12,2023-05-01 03:52:50,N,1,74,263,1,1.71,11.4,0.0,0.5,3.22,0.0,-,1.0,16.12,1,1,0.0
2,2023-05-01 03:50:51,2023-05-01 03:58:33,N,1,41,74,1,0.82,8.6,0.0,0.5,1.0,0.0,-,1.0,11.1,1,1,0.0
1,2023-05-01 03:09:12,2023-05-01 03:17:35,N,1,74,236,1,1.7,10.7,2.75,1.5,2.0,0.0,-,1.0,16.95,1,1,2.75
1,2023-05-01 03:31:31,2023-05-01 03:40:16,N,1,74,263,1,1.9,10.7,2.75,1.5,0.0,0.0,-,1.0,14.95,2,1,2.75
2,2023-05-01 03:20:23,2023-05-01 03:32:28,N,1,74,236,1,1.9,12.8,0.0,0.5,1.0,0.0,-,1.0,18.05,1,1,2.75
2,2023-05-01 03:46:04,2023-05-01 03:52:16,N,1,74,42,1,0.84,7.9,0.0,0.5,0.0,0.0,-,1.0,9.4,2,1,0.0
2,2023-05-01 03:43:47,2023-05-01 04:01:33,N,1,74,161,1,3.98,19.8,0.0,0.5,4.81,0.0,-,1.0,28.86,1,1,2.75
2,2023-05-01 03:33:26,2023-05-01 03:47:15,N,1,130,10,1,2.49,14.9,0.0,0.5,3.92,0.0,-,0.3,19.62,1,1,0.0
2,2023-05-01 03:33:28,2023-05-01 03:55:49,N,1,74,20,1,5.81,28.9,0.0,0.5,8.22,0.0,-,1.0,38.62,1,1,0.0
2,2023-05-01 03:51:30,2023-05-01 04:43:56,N,1,55,55,1,7.72,49.9,0.0,0.5,0.0,0.0,-,1.0,51.4,2,1,0.0
2,2023-05-01 03:04:05,2023-05-01 03:12:21,N,1,74,42,1,1.01,9.3,0.0,0.5,0.0,0.0,-,1.0,10.8,2,1,0.0
2,2023-05-01 03:29:01,2023-05-01 03:37:25,N,1,74,75,1,1.51,10.0,0.0,0.5,1.72,0.0,-,1.0,13.22,1,1,0.0
2,2023-05-01 03:52:14,2023-05-01 04:09:09,N,1,74,238,1,2.93,18.4,0.0,0.5,4.53,0.0,-,1.0,27.18,1,1,2.75
2,2023-05-01 03:37:31,2023-05-01 03:54:11,N,1,74,166,1,1.96,16.3,0.0,0.5,3.56,0.0,-,1.0,21.36,1,1,0.0
2,2023-05-01 04:00:11,2023-05-01 04:03:52,N,1,41,24,1,0.47,5.8,0.0,0.5,0.0,0.0,-,1.0,7.3,1,1,0.0
2,2023-05-01 03:27:07,2023-05-01 03:45:28,N,1,74,151,1,2.31,17.7,0.0,0.5,3.84,0.0,-,1.0,23.04,1,1,0.0
2,2023-05-01 03:06:55,2023-05-01 03:14:03,N,1,74,74,1,0.94,8.6,0.0,0.5,2.02,0.0,-,1.0,12.12,1,1,0.0
2,2023-05-01 03:28:48,2023-05-01 03:38:11,N,1,74,75,1,1.52,10.0,0.0,0.5,2.3,0.0,-,1.0,13.8,1,1,0.0
2,2023-05-01 03:52:22,2023-05-01 04:13:59,N,1,74,262,1,2.77,19.8,0.0,0.5,3.0,0.0,-,1.0,27.05,1,1,2.75
1,2023-05-01 03:49:26,2023-05-01 03:56:16,N,1,166,151,2,1.8,10.0,0.0,1.5,1.15,0.0,-,1.0,12.65,1,1,0.0
2,2023-05-01 03:26:21,2023-05-01 03:37:12,N,1,74,24,1,2.1,12.8,0.0,0.5,0.0,0.0,-,1.0,14.3,2,1,0.0
2,2023-05-01 03:00:40,2023-05-01 03:15:35,N,1,7,92,1,5.77,26.1,0.0,0.5,4.14,0.0,-,1.0,31.74,1,1,0.0
2,2023-05-01 03:36:11,2023-05-01 03:50:01,N,1,116,143,1,5.17,22.6,0.0,0.5,0.0,0.0,-,1.0,26.85,2,1,2.75
2,2023-05-01 03:05:10,2023-05-01 03:12:04,N,1,74,41,1,1.23,8.6,0.0,0.5,2.02,0.0,-,1.0,12.12,1,1,0.0
2,2023-05-01 03:25:37,2023-05-01 03:42:13,N,1,74,140,1,3.26,18.4,0.0,0.5,3.0,0.0,-,1.0,25.65,1,1,2.75
2,2023-05-01 03:55:59,2023-05-01 04:03:48,N,1,74,42,1,1.11,9.3,0.0,0.5,0.0,0.0,-,1.0,10.8,2,1,0.0
2,2023-05-01 03:17:18,2023-05-01 03:29:22,N,1,130,130,1,1.62,12.8,0.0,0.5,0.0,0.0,-,1.0,14.3,2,1,0.0
2,2023-05-01 03:58:11,2023-05-01 04:20:10,N,1,243,75,1,5.46,28.2,0.0,0.5,2.0,0.0,-,1.0,31.7,1,1,0.0
2,2023-05-01 03:38:40,2023-05-01 03:52:52,N,1,134,132,1,6.88,26.8,0.0,0.5,5.66,0.0,-,1.0,33.96,1,1,0.0
2,2023-05-01 03:41:37,2023-05-01 04:16:55,N,1,196,237,1,6.54,36.6,0.0,0.5,0.0,0.0,-,1.0,40.85,2,1,2.75
2,2023-05-01 03:03:54,2023-05-01 03:12:44,N,1,75,161,1,2.41,12.8,0.0,0.5,5.12,0.0,-,1.0,22.17,1,1,2.75
2,2023-05-01 03:55:03,2023-05-01 04:08:17,N,1,74,236,1,1.72,13.5,0.0,0.5,4.44,0.0,-,1.0,22.19,1,1,2.75
2,2023-05-01 03:26:59,2023-05-01 03:35:06,N,1,166,236,1,1.55,10.7,0.0,0.5,2.44,0.0,-,1.0,14.64,1,1,0.0
2,2023-05-01 03:51:56,2023-05-01 03:57:35,N,1,41,41,1,0.97,7.9,0.0,0.5,0.0,0.0,-,1.0,9.4,2,1,0.0
2,2023-05-01 03:58:33,2023-05-01 04:25:37,N,1,116,136,1,5.25,29.6,0.0,0.5,0.0,0.0,-,1.0,31.1,1,1,0.0
2,2023-05-01 03:12:54,2023-05-01 03:26:23,N,1,74,138,1,6.48,28.2,5.0,0.5,5.0,6.55,-,1.0,46.25,1,1,0.0
2,2023-05-01 03:54:16,2023-05-01 04:05:14,N,1,74,75,1,1.31,12.1,0.0,0.5,3.4,0.0,-,1.0,17.0,1,1,0.0
2,2023-05-01 04:41:47,2023-05-01 04:57:23,N,1,95,197,1,2.83,17.7,0.0,0.5,0.0,0.0,-,1.0,19.2,2,1,0.0
2,2023-05-01 04:05:02,2023-05-01 04:23:15,N,1,41,41,1,2.11,17.7,0.0,0.5,0.0,0.0,-,1.0,19.2,2,1,0.0
2,2023-05-01 04:25:28,2023-05-01 05:10:09,N,1,92,107,2,10.66,50.6,0.0,0.5,12.28,6.55,-,1.0,73.68,1,1,2.75
2,2023-05-01 04:11:48,2023-05-01 04:26:37,N,1,74,42,1,1.99,15.6,0.0,0.5,0.0,0.0,-,1.0,17.1,2,1,0.0
2,2023-05-01 04:02:39,2023-05-01 04:22:52,N,1,41,143,1,3.0,19.8,0.0,0.5,1.0,0.0,-,1.0,25.05,1,1,2.75
1,2023-05-01 04:04:06,2023-05-01 04:17:13,N,1,74,140,1,2.8,14.9,2.75,1.5,3.8,0.0,-,1.0,22.95,1,1,2.75
1,2023-05-01 04:37:58,2023-05-01 04:52:12,N,1,74,151,1,1.9,12.8,0.0,1.5,2.85,0.0,-,1.0,17.15,1,1,0.0
2,2023-05-01 04:13:14,2023-05-01 04:25:44,N,1,74,166,1,1.75,13.5,0.0,0.5,3.0,0.0,-,1.0,18.0,1,1,0.0
2,2023-05-01 04:57:46,2023-05-01 05:10:32,N,1,74,238,1,2.39,14.2,0.0,0.5,2.0,0.0,-,1.0,20.45,1,1,2.75
2,2023-05-01 04:33:32,2023-05-01 04:43:40,N,1,41,116,1,2.03,12.8,0.0,0.5,0.0,0.0,-,1.0,14.3,2,1,0.0
2,2023-05-01 04:28:42,2023-05-01 04:32:43,N,1,41,41,1,0.38,5.8,0.0,0.5,2.19,0.0,-,1.0,9.49,1,1,0.0
2,2023-05-01 04:12:52,2023-05-01 04:23:18,N,1,75,141,1,1.42,11.4,0.0,0.5,0.0,0.0,-,1.0,15.65,2,1,2.75
1,2023-05-01 04:34:17,2023-05-01 04:43:27,N,1,74,166,1,1.7,11.4,0.0,1.5,2.58,0.0,-,1.0,15.48,1,1,0.0
2,2023-05-01 04:33:00,2023-05-01 04:46:54,N,1,74,238,1,2.62,16.3,0.0,0.5,0.0,0.0,-,1.0,20.55,2,1,2.75
2,2023-05-01 04:53:36,2023-05-01 05:01:37,N,1,263,236,1,1.13,9.3,0.0,0.5,3.39,0.0,-,1.0,16.94,1,1,2.75
2,2023-05-01 04:47:04,2023-05-01 04:55:17,N,1,166,238,1,1.36,10.0,0.0,0.5,4.28,0.0,-,1.0,18.53,1,1,2.75
2,2023-05-01 04:37:44,2023-05-01 04:57:15,N,1,74,244,1,4.47,25.4,0.0,0.5,5.38,0.0,-,1.0,32.28,1,1,0.0
2,2023-05-01 04:59:25,2023-05-01 05:03:46,N,1,244,244,1,0.82,6.5,0.0,0.5,0.0,0.0,-,1.0,8.0,2,1,0.0
1,2023-05-01 04:58:20,2023-05-01 05:14:52,N,1,74,236,1,2.8,14.2,2.75,1.5,1.0,0.0,-,1.0,19.45,1,1,2.75
1,2023-05-01 04:09:58,2023-05-01 04:31:32,N,1,74,244,1,3.1,18.4,0.0,1.5,0.0,0.0,-,1.0,19.9,1,1,0.0
2,2023-05-01 04:07:56,2023-05-01 04:21:43,N,1,75,237,3,1.47,13.5,0.0,0.5,0.0,0.0,-,1.0,17.75,2,1,2.75
2,2023-05-01 04:56:19,2023-05-01 05:14:26,N,1,75,142,5,3.52,19.8,0.0,0.5,4.81,0.0,-,1.0,28.86,1,1,2.75
2,2023-05-01 04:12:31,2023-05-01 04:34:06,N,1,74,140,1,2.63,19.1,0.0,0.5,2.0,0.0,-,1.0,25.35,1,1,2.75
2,2023-05-01 04:55:29,2023-05-01 05:03:10,N,1,75,74,1,1.46,10.0,0.0,0.5,0.0,0.0,-,1.0,11.5,1,1,0.0
2,2023-05-01 05:08:26,2023-05-01 05:15:23,N,1,75,43,1,1.33,9.3,0.0,0.5,5.0,0.0,-,1.0,15.8,1,1,0.0
2,2023-05-01 04:53:53,2023-05-01 05:08:29,N,1,130,218,1,2.34,14.9,0.0,0.5,4.92,0.0,-,1.0,21.32,1,1,0.0
1,2023-05-01 04:18:16,2023-05-01 04:32:31,N,1,74,236,1,2.0,14.2,2.75,1.5,3.65,0.0,-,1.0,22.1,1,1,2.75
2,2023-05-01 04:07:00,2023-05-01 04:36:15,N,1,41,166,1,3.62,26.1,0.0,0.5,3.0,0.0,-,1.0,33.35,1,1,2.75
2,2023-05-01 04:53:54,2023-05-01 05:13:15,N,1,74,238,1,2.73,19.8,0.0,0.5,4.81,0.0,-,1.0,28.86,1,1,2.75
2,2023-05-01 04:32:19,2023-05-01 04:39:05,N,1,41,74,1,1.2,9.3,0.0,0.5,0.0,0.0,-,1.0,10.8,2,1,0.0
2,2023-05-01 05:01:51,2023-05-01 05:14:15,N,1,74,236,1,1.75,12.8,0.0,0.5,0.0,0.0,-,1.0,17.05,2,1,2.75
2,2023-05-01 04:43:45,2023-05-01 05:05:50,N,1,74,141,6,2.68,20.5,0.0,0.5,0.0,0.0,-,1.0,24.75,2,1,2.75
2,2023-05-01 04:46:59,2023-05-01 05:03:12,N,1,41,143,1,5.13,24.7,0.0,0.5,0.0,0.0,-,1.0,28.95,1,1,2.75
2,2023-05-01 04:03:22,2023-05-01 04:14:36,N,1,74,166,1,1.57,12.1,0.0,0.5,1.0,0.0,-,1.0,14.6,1,1,0.0
2,2023-05-01 04:15:28,2023-05-01 04:26:33,N,1,74,75,1,1.36,11.4,0.0,0.5,3.22,0.0,-,1.0,16.12,1,1,0.0
2,2023-05-01 04:39:40,2023-05-01 04:59:17,N,1,75,163,1,2.78,19.1,0.0,0.5,0.0,0.0,-,1.0,23.35,2,1,2.75
2,2023-05-01 04:21:59,2023-05-01 04:53:03,N,1,244,161,1,7.45,38.7,0.0,0.5,8.59,0.0,-,1.0,51.54,1,1,2.75
2,2023-05-01 04:21:12,2023-05-01 04:30:21,N,1,129,129,1,1.34,10.0,0.0,0.5,0.0,0.0,-,1.0,11.5,2,1,0.0
2,2023-05-01 04:38:19,2023-05-01 04:48:47,N,1,129,129,1,1.59,11.4,0.0,0.5,0.0,0.0,-,1.0,12.9,2,1,0.0
2,2023-05-01 04:14:20,2023-05-01 04:26:01,N,1,74,166,1,1.78,12.8,0.0,0.5,2.86,0.0,-,1.0,17.16,1,1,0.0
2,2023-05-01 04:49:09,2023-05-01 04:51:08,N,5,41,41,1,1.37,20.0,0.0,0.0,2.0,0.0,-,1.0,23.0,1,2,0.0
2,2023-05-01 04:07:54,2023-05-01 20:00:00,N,1,223,223,1,0.78,9.3,0.0,0.5,0.54,0.0,-,1.0,11.34,1,1,0.0
2,2023-05-01 04:09:42,2023-05-01 04:34:24,N,1,24,243,1,4.74,26.1,0.0,0.5,2.0,0.0,-,1.0,29.6,1,1,0.0
2,2023-05-01 04:47:02,2023-05-01 04:52:04,N,1,116,166,1,1.16,7.9,0.0,0.5,3.0,0.0,-,1.0,12.4,1,1,0.0
2,2023-05-01 04:14:59,2023-05-01 04:43:24,N,1,166,138,1,8.28,38.7,5.0,0.5,10.35,6.55,-,1.0,62.1,1,1,0.0
2,2023-05-01 04:14:49,2023-05-01 04:27:51,N,1,33,162,1,6.11,25.4,0.0,0.5,5.93,0.0,-,1.0,35.58,1,1,2.75
1,2023-05-01 04:02:02,2023-05-01 04:09:38,N,1,74,41,1,0.9,8.6,0.0,1.5,0.0,0.0,-,1.0,10.1,1,1,0.0
1,2023-05-01 04:18:18,2023-05-01 04:28:33,N,1,74,166,1,1.4,11.4,0.0,1.5,0.0,0.0,-,1.0,12.9,2,1,0.0
2,2023-05-01 04:22:25,2023-05-01 04:24:18,N,1,42,42,1,0.44,4.4,0.0,0.5,1.11,0.0,-,1.0,7.01,1,1,0.0
2,2023-05-01 04:33:26,2023-05-01 04:39:46,N,1,41,166,1,0.94,7.9,0.0,0.5,0.0,0.0,-,1.0,9.4,2,1,0.0
2,2023-05-01 04:43:23,2023-05-01 05:08:04,N,1,41,68,1,6.83,33.1,0.0,0.5,0.0,0.0,-,1.0,37.35,2,1,2.75
1,2023-05-01 04:00:22,2023-05-01 04:10:38,N,1,223,179,1,1.0,10.7,0.0,1.5,3.0,0.0,-,1.0,15.2,1,1,0.0
2,2023-05-01 04:17:16,2023-05-01 04:29:09,N,1,74,42,1,1.88,13.5,0.0,0.5,1.0,0.0,-,1.0,16.0,1,1,0.0
2,2023-05-01 04:10:13,2023-05-01 04:17:54,N,1,7,129,1,0.97,9.3,0.0,0.5,0.0,0.0,-,1.0,10.8,2,1,0.0
1,2023-05-01 04:55:58,2023-05-01 05:06:03,N,1,75,151,1,1.4,11.4,0.0,1.5,0.0,0.0,-,1.0,12.9,2,1,0.0
2,2023-05-01 04:33:48,2023-05-01 04:43:34,N,1,74,166,1,1.48,10.7,0.0,0.5,2.44,0.0,-,1.0,14.64,1,1,0.0
2,2023-05-01 04:47:28,2023-05-01 05:06:15,N,1,24,43,1,3.21,20.5,0.0,0.5,0.0,0.0,-,1.0,24.75,1,1,2.75
2,2023-05-01 04:47:48,2023-05-01 04:59:40,N,1,74,43,1,1.75,12.1,0.0,0.5,2.0,0.0,-,1.0,18.35,1,1,2.75
2,2023-05-01 04:41:35,2023-05-01 04:51:30,N,1,244,235,1,1.34,11.4,0.0,0.5,0.0,0.0,-,1.0,12.9,2,1,0.0
2,2023-05-01 04:11:39,2023-05-01 04:32:03,N,1,75,137,1,5.19,26.1,0.0,0.5,3.65,0.0,-,1.0,34.0,1,1,2.75
2,2023-05-01 04:54:33,2023-05-01 05:10:25,N,1,65,138,1,10.16,39.4,5.0,0.5,13.77,0.0,-,1.0,59.67,1,1,0.0
1,2023-05-01 04:12:11,2023-05-01 04:25:18,N,1,74,43,1,1.4,12.8,0.0,1.5,2.85,0.0,-,1.0,17.15,1,1,0.0
2,2023-05-01 04:45:00,2023-05-01 05:00:35,N,1,95,130,1,2.6,17.0,0.0,0.5,0.0,0.0,-,1.0,18.5,2,1,0.0
2,2023-05-01 04:17:01,2023-05-01 04:27:13,N,1,74,75,1,1.45,11.4,0.0,0.5,1.94,0.0,-,1.0,14.84,1,1,0.0
2,2023-05-01 04:04:12,2023-05-01 04:19:35,N,1,74,236,1,1.88,14.9,0.0,0.5,3.83,0.0,-,1.0,22.98,1,1,2.75
2,2023-05-01 04:45:49,2023-05-01 04:59:55,N,1,74,236,1,1.99,14.2,0.0,0.5,0.0,0.0,-,1.0,18.45,2,1,2.75
2,2023-05-01 04:17:47,2023-05-01 04:26:09,N,1,95,135,1,1.92,11.4,0.0,0.5,2.58,0.0,-,1.0,15.48,1,1,0.0
2,2023-05-01 04:16:34,2023-05-01 04:40:39,N,1,134,101,1,7.58,32.4,0.0,0.5,6.0,0.0,-,1.0,39.9,1,1,0.0
2,2023-05-01 04:08:33,2023-05-01 04:22:06,N,1,74,75,1,1.37,12.8,0.0,0.5,2.14,0.0,-,1.0,16.44,1,1,0.0
2,2023-05-01 04:47:57,2023-05-01 05:02:45,N,1,74,236,1,1.75,14.9,0.0,0.5,0.96,0.0,-,1.0,20.11,1,1,2.75
2,2023-05-01 04:10:58,2023-05-01 04:16:56,N,1,74,75,1,0.85,7.2,0.0,0.5,2.18,0.0,-,1.0,10.88,1,1,0.0
2,2023-05-01 04:44:22,2023-05-01 04:57:57,N,1,74,238,1,2.38,14.9,0.0,0.5,3.28,0.0,-,1.0,19.68,1,1,0.0
2,2023-05-01 04:12:11,2023-05-01 04:19:21,N,1,75,74,1,1.4,9.3,0.0,0.5,0.0,0.0,-,1.0,10.8,2,1,0.0
2,2023-05-01 04:28:38,2023-05-01 04:40:22,N,1,74,75,1,1.41,11.4,0.0,0.5,2.58,0.0,-,1.0,15.48,1,1,0.0
2,2023-05-01 04:23:28,2023-05-01 04:29:50,N,1,74,41,1,0.76,7.2,0.0,0.5,1.74,0.0,-,1.0,10.44,1,1,0.0
2,2023-05-01 04:44:59,2023-05-01 04:59:08,N,1,74,166,1,1.73,14.2,0.0,0.5,3.14,0.0,-,1.0,18.84,1,1,0.0
2,2023-05-01 04:29:21,2023-05-01 04:43:25,N,1,74,75,2,1.52,13.5,0.0,0.5,3.0,0.0,-,1.0,18.0,1,1,0.0
2,2023-05-01 04:44:51,2023-05-01 04:49:03,N,1,43,238,2,0.94,6.5,0.0,0.5,1.0,0.0,-,1.0,11.75,1,1,2.75
1,2023-05-01 04:09:12,2023-05-01 04:15:59,N,1,74,41,1,0.8,7.9,0.0,1.5,2.0,0.0,-,1.0,11.4,1,1,0.0
1,2023-05-01 04:33:01,2023-05-01 04:54:49,N,1,74,239,1,3.4,21.2,2.75,1.5,5.05,0.0,-,1.0,30.5,1,1,2.75
2,2023-05-01 04:13:07,2023-05-01 04:28:47,N,1,74,263,1,2.13,15.6,0.0,0.5,3.0,0.0,-,1.0,22.85,1,1,2.75
2,2023-05-01 04:57:16,2023-05-01 05:10:05,N,1,74,166,1,1.63,12.8,0.0,0.5,3.58,0.0,-,1.0,17.88,1,1,0.0
2,2023-05-01 04:48:34,2023-05-01 05:12:08,N,1,130,132,1,6.65,31.7,0.0,0.5,8.12,0.0,-,0.3,40.62,1,1,0.0
2,2023-05-01 04:43:16,2023-05-01 05:03:33,N,1,41,138,1,7.12,31.7,5.0,0.5,8.95,6.55,-,1.0,53.7,1,1,0.0
2,2023-05-01 04:06:41,2023-05-01 04:16:22,N,1,74,74,2,0.99,10.0,0.0,0.5,1.0,0.0,-,1.0,12.5,1,1,0.0
2,2023-05-01 04:28:35,2023-05-01 04:35:10,N,1,74,41,2,0.83,7.9,0.0,0.5,1.88,0.0,-,1.0,11.28,1,1,0.0
2,2023-05-01 04:40:26,2023-05-01 04:42:32,N,1,41,41,2,0.31,4.4,0.0,0.5,1.18,0.0,-,1.0,7.08,1,1,0.0
2,2023-05-01 04:34:11,2023-05-01 04:47:47,N,1,74,166,1,1.72,14.2,0.0,0.5,3.14,0.0,-,1.0,18.84,1,1,0.0
2,2023-05-01 04:51:26,2023-05-01 05:03:26,N,1,166,50,1,4.09,20.5,0.0,0.5,4.95,0.0,-,1.0,29.7,1,1,2.75
2,2023-05-01 04:13:06,2023-05-01 04:18:26,N,1,41,24,1,0.54,6.5,0.0,0.5,1.0,0.0,-,1.0,9.0,1,1,0.0
2,2023-05-01 04:37:58,2023-05-01 05:09:09,N,1,74,224,1,6.18,33.1,0.0,0.5,7.47,0.0,-,1.0,44.82,1,1,2.75
2,2023-05-01 04:06:54,2023-05-01 04:26:23,N,1,74,244,1,4.51,24.7,0.0,0.5,5.24,0.0,-,1.0,31.44,1,1,0.0
2,2023-05-01 04:32:22,2023-05-01 04:57:40,N,1,116,161,1,6.1,32.4,0.0,0.5,2.0,0.0,-,1.0,38.65,1,1,2.75
2,2023-05-01 04:04:39,2023-05-01 04:09:58,N,1,130,215,1,0.96,7.2,0.0,0.5,1.0,0.0,-,1.0,9.7,1,1,0.0
2,2023-05-01 04:36:16,2023-05-01 04:45:00,N,1,130,216,1,1.61,10.7,0.0,0.5,2.44,0.0,-,1.0,14.64,1,1,0.0
2,2023-05-01 04:47:11,2023-05-01 04:58:42,N,1,74,75,1,1.38,12.1,0.0,0.5,1.0,0.0,-,1.0,14.6,1,1,0.0
2,2023-05-01 04:24:40,2023-05-01 04:38:15,N,1,244,166,1,4.49,19.8,0.0,0.5,4.26,0.0,-,1.0,25.56,1,1,0.0
2,2023-05-01 04:41:20,2023-05-01 04:48:03,N,1,166,238,1,1.07,8.6,0.0,0.5,0.0,0.0,-,1.0,12.85,2,1,2.75
2,2023-05-01 04:23:32,2023-05-01 04:45:01,N,1,166,236,1,2.66,19.8,0.0,0.5,0.0,0.0,-,1.0,24.05,2,1,2.75
2,2023-05-01 04:56:49,2023-05-01 05:03:47,N,1,75,75,1,0.55,7.9,0.0,0.5,0.0,0.0,-,1.0,9.4,2,1,0.0
1,2023-05-01 04:17:02,2023-05-01 04:28:28,N,1,74,75,1,1.4,11.4,0.0,1.5,2.0,0.0,-,1.0,14.9,1,1,0.0
2,2023-05-01 04:39:45,2023-05-01 04:57:39,N,1,116,69,1,2.21,17.7,0.0,0.5,0.0,0.0,-,1.0,19.2,2,1,0.0
1,2023-05-01 04:16:27,2023-05-01 04:24:43,Y,1,69,247,1,1.2,9.3,0.0,1.5,0.0,0.0,-,1.0,10.8,2,1,0.0
2,2023-05-01 04:11:10,2023-05-01 04:36:10,N,1,74,141,1,2.95,22.6,0.0,0.5,2.68,0.0,-,1.0,29.53,1,1,2.75
2,2023-05-01 04:12:48,2023-05-01 04:19:51,N,1,130,130,1,0.58,7.9,0.0,0.5,0.0,0.0,-,1.0,9.4,2,1,0.0
2,2023-05-01 04:54:21,2023-05-01 05:02:45,N,1,130,130,1,1.13,9.3,0.0,0.5,0.0,0.0,-,1.0,10.8,2,1,0.0
2,2023-05-01 04:49:43,2023-05-01 04:56:22,N,1,42,152,1,0.97,8.6,0.0,0.5,2.52,0.0,-,1.0,12.62,1,1,0.0
2,2023-05-01 04:21:10,2023-05-01 04:39:17,N,1,74,138,1,6.83,31.7,5.0,0.5,8.95,6.55,-,1.0,53.7,1,1,0.0
2,2023-05-01 04:40:34,2023-05-01 05:10:16,N,1,41,161,1,4.2,27.5,0.0,0.5,0.0,0.0,-,1.0,31.75,2,1,2.75
2,2023-05-01 04:55:44,2023-05-01 05:07:30,N,1,41,75,1,1.71,12.8,0.0,0.5,2.86,0.0,-,1.0,17.16,1,1,0.0
2,2023-05-01 04:24:06,2023-05-01 04:50:41,N,1,166,236,1,3.83,24.7,0.0,0.5,5.0,0.0,-,0.3,33.25,1,1,2.75
2,2023-05-01 04:41:54,2023-05-01 05:06:50,N,1,95,226,5,6.44,31.0,0.0,0.5,0.0,0.0,-,1.0,32.5,2,1,0.0
2,2023-05-01 04:00:40,2023-05-01 04:14:53,N,1,130,132,1,5.69,25.4,0.0,0.5,5.38,0.0,-,1.0,32.28,1,1,0.0
2,2023-05-01 04:24:47,2023-05-01 04:39:45,N,1,152,244,1,2.34,16.3,0.0,0.5,0.0,0.0,-,1.0,17.8,1,1,0.0
2,2023-05-01 04:43:26,2023-05-01 04:55:48,N,1,244,152,1,2.78,14.9,0.0,0.5,0.0,0.0,-,1.0,16.4,2,1,0.0
2,2023-05-01 04:10:02,2023-05-01 04:23:37,N,1,74,152,1,2.11,14.2,0.0,0.5,0.0,0.0,-,1.0,15.7,2,1,0.0
2,2023-05-01 04:42:49,2023-05-01 04:43:24,N,1,75,75,1,0.08,3.0,0.0,0.5,0.0,0.0,-,1.0,4.5,2,1,0.0
2,2023-05-01 05:57:25,2023-05-01 06:05:02,N,1,52,33,1,0.72,8.6,0.0,0.5,2.35,0.0,-,0.3,11.75,1,1,0.0
2,2023-05-01 05:25:19,2023-05-01 05:41:42,N,1,41,74,1,0.88,14.9,0.0,0.5,0.0,0.0,-,1.0,16.4,2,1,0.0
2,2023-05-01 05:25:24,2023-05-01 05:39:35,N,1,129,226,1,2.91,16.3,0.0,0.5,4.45,0.0,-,1.0,22.25,1,1,0.0
2,2023-05-01 05:00:20,2023-05-01 05:14:13,N,1,74,75,1,1.79,14.2,0.0,0.5,0.0,0.0,-,1.0,15.7,2,1,0.0
2,2023-05-01 05:14:54,2023-05-01 05:25:07,N,1,74,236,1,1.82,11.4,0.0,0.5,3.13,0.0,-,1.0,18.78,1,1,2.75
2,2023-05-01 05:09:39,2023-05-01 05:14:10,N,1,41,75,1,0.65,6.5,0.0,0.5,0.0,0.0,-,1.0,8.0,2,1,0.0
2,2023-05-01 05:01:49,2023-05-01 05:19:03,N,1,75,143,1,3.35,19.8,0.0,0.5,0.0,0.0,-,1.0,24.05,2,1,2.75
2,2023-05-01 05:19:43,2023-05-01 05:28:30,N,1,75,263,1,1.06,9.3,0.0,0.5,1.45,0.0,-,1.0,15.0,1,1,2.75
2,2023-05-01 05:27:42,2023-05-01 05:38:19,N,1,65,144,1,2.19,12.1,0.0,0.5,0.0,0.0,-,1.0,16.35,2,1,2.75
2,2023-05-01 05:28:53,2023-05-01 05:46:49,N,1,95,132,2,5.22,24.7,0.0,0.5,0.0,0.0,-,1.0,26.2,2,1,0.0
2,2023-05-01 05:18:15,2023-05-01 05:35:06,N,1,75,161,1,2.7,17.0,0.0,0.5,4.25,0.0,-,1.0,25.5,1,1,2.75
2,2023-05-01 05:12:00,2023-05-01 05:35:18,N,1,75,68,1,4.45,24.7,0.0,0.5,5.79,0.0,-,1.0,34.74,1,1,2.75
2,2023-05-01 05:19:45,2023-05-01 05:34:08,N,1,166,74,1,2.03,14.9,0.0,0.5,4.1,0.0,-,1.0,20.5,1,1,0.0
2,2023-05-01 05:10:24,2023-05-01 05:26:17,N,1,95,197,1,2.43,16.3,0.0,0.5,0.0,0.0,-,1.0,17.8,2,1,0.0
2,2023-05-01 05:38:36,2023-05-01 05:53:22,N,1,42,75,1,2.22,15.6,0.0,0.5,1.0,0.0,-,1.0,18.1,1,1,0.0
2,2023-05-01 06:00:07,2023-05-01 06:07:42,N,1,75,41,1,1.15,9.3,0.0,0.5,0.0,0.0,-,1.0,10.8,2,1,0.0
1,2023-05-01 05:09:40,2023-05-01 05:18:08,N,1,74,41,1,1.0,7.9,0.0,1.5,1.85,0.0,-,1.0,11.25,1,1,0.0
2,2023-05-01 05:53:47,2023-05-01 06:04:00,N,1,7,223,1,1.44,11.4,0.0,0.5,0.0,0.0,-,1.0,12.9,2,1,0.0
2,2023-05-01 05:27:53,2023-05-01 05:37:33,N,1,75,239,1,1.77,12.1,0.0,0.5,4.09,0.0,-,1.0,20.44,1,1,2.75
1,2023-05-01 05:02:27,2023-05-01 05:06:10,N,1,74,41,1,0.4,5.8,0.0,1.5,1.45,0.0,-,1.0,8.75,1,1,0.0
1,2023-05-01 05:21:17,2023-05-01 05:42:38,N,1,74,243,1,4.0,23.3,0.0,1.5,4.95,0.0,-,1.0,29.75,1,1,0.0
1,2023-05-01 05:59:42,2023-05-01 06:08:18,N,1,74,41,1,1.5,10.0,0.0,1.5,0.0,0.0,-,1.0,11.5,2,1,0.0
2,2023-05-01 05:48:45,2023-05-01 05:57:57,N,1,166,74,1,0.79,9.3,0.0,0.5,1.0,0.0,-,1.0,11.8,1,1,0.0
2,2023-05-01 05:42:20,2023-05-01 05:53:22,N,1,166,74,1,1.2,11.4,0.0,0.5,0.0,0.0,-,1.0,12.9,2,1,0.0
2,2023-05-01 06:04:38,2023-05-01 06:11:19,N,1,42,247,1,1.1,8.6,0.0,0.5,5.0,0.0,-,1.0,15.1,1,1,0.0
2,2023-05-01 05:26:48,2023-05-01 05:36:37,N,1,24,142,1,2.2,12.8,0.0,0.5,0.0,0.0,-,1.0,17.05,2,1,2.75
2,2023-05-01 05:03:17,2023-05-01 05:21:20,N,1,74,142,1,3.39,19.1,0.0,0.5,4.67,0.0,-,1.0,28.02,1,1,2.75
1,2023-05-01 05:49:04,2023-05-01 05:58:42,N,1,74,75,2,1.0,8.6,0.0,1.5,0.0,0.0,-,1.0,10.1,2,1,0.0
2,2023-05-01 05:40:24,2023-05-01 05:50:09,N,1,74,75,1,1.39,10.7,0.0,0.5,1.8,0.0,-,1.0,14.0,1,1,0.0
2,2023-05-01 05:03:14,2023-05-01 05:12:12,N,1,129,129,1,1.34,10.0,0.0,0.5,0.0,0.0,-,1.0,11.5,2,1,0.0
2,2023-05-01 05:34:05,2023-05-01 05:40:41,N,1,129,129,1,0.7,7.9,0.0,0.5,2.82,0.0,-,1.0,12.22,1,1,0.0
2,2023-05-01 05:16:24,2023-05-01 05:44:32,N,1,74,163,1,3.58,26.1,0.0,0.5,0.0,0.0,-,1.0,30.35,2,1,2.75
2,2023-05-01 05:43:12,2023-05-01 05:52:44,N,1,43,263,1,1.07,10.0,0.0,0.5,2.85,0.0,-,1.0,17.1,1,1,2.75
2,2023-05-01 05:22:20,2023-05-01 05:36:21,N,1,74,236,1,1.75,14.2,0.0,0.5,0.0,0.0,-,1.0,18.45,2,1,2.75
1,2023-05-01 05:59:08,2023-05-01 06:10:13,N,1,74,152,1,1.7,12.1,0.0,1.5,2.7,0.0,-,1.0,16.3,1,1,0.0
2,2023-05-01 05:20:54,2023-05-01 05:31:03,N,1,95,28,1,1.84,12.1,0.0,0.5,2.72,0.0,-,1.0,16.32,1,1,0.0
2,2023-05-01 05:44:38,2023-05-01 05:56:21,N,1,95,121,1,2.25,14.2,0.0,0.5,0.0,0.0,-,1.0,15.7,2,1,0.0
2,2023-05-01 05:03:37,2023-05-01 05:12:14,N,1,74,42,1,1.51,10.7,0.0,0.5,0.0,0.0,-,1.0,12.2,2,1,0.0
2,2023-05-01 05:26:36,2023-05-01 05:30:02,N,1,74,74,1,0.49,5.8,0.0,0.5,0.0,0.0,-,1.0,7.3,2,1,0.0
2,2023-05-01 05:53:46,2023-05-01 06:10:20,N,1,74,239,1,3.11,18.4,0.0,0.5,0.0,0.0,-,1.0,22.65,2,1,2.75
2,2023-05-01 05:08:14,2023-05-01 05:15:00,N,1,75,236,1,0.96,7.9,0.0,0.5,1.6,0.0,-,1.0,13.75,1,1,2.75
2,2023-05-01 05:57:35,2023-05-01 06:00:24,N,1,7,7,1,0.45,5.1,0.0,0.5,1.32,0.0,-,1.0,7.92,1,1,0.0
1,2023-05-01 05:30:17,2023-05-01 05:34:07,N,1,43,74,2,0.7,5.8,0.0,1.5,0.0,0.0,-,1.0,7.3,2,1,0.0
1,2023-05-01 05:42:24,2023-05-01 06:09:44,N,1,166,186,1,5.8,31.7,2.75,1.5,8.95,0.0,-,1.0,44.9,1,1,2.75
2,2023-05-01 05:23:19,2023-05-01 05:32:58,N,1,75,42,1,1.64,10.7,0.0,0.5,2.44,0.0,-,1.0,14.64,1,1,0.0
2,2023-05-01 05:42:28,2023-05-01 05:56:37,N,1,43,142,1,2.62,15.6,0.0,0.5,3.97,0.0,-,1.0,23.82,1,1,2.75
2,2023-05-01 05:00:06,2023-05-01 05:09:13,N,1,42,75,6,1.6,10.7,0.0,0.5,0.0,0.0,-,1.0,12.2,2,1,0.0
2,2023-05-01 04:31:54,2023-05-01 04:53:27,N,1,74,243,1,4.97,26.1,0.0,0.5,6.9,0.0,-,1.0,34.5,1,1,0.0
2,2023-05-01 05:24:34,2023-05-01 05:40:02,N,1,74,24,1,2.14,15.6,0.0,0.5,1.0,0.0,-,1.0,18.1,1,1,0.0
2,2023-05-01 05:28:37,2023-05-01 05:36:49,N,1,244,243,1,1.24,10.0,0.0,0.5,3.0,0.0,-,1.0,14.5,1,1,0.0
2,2023-05-01 05:37:30,2023-05-01 06:01:20,N,1,42,141,1,4.18,24.7,0.0,0.5,0.0,0.0,-,1.0,28.95,1,1,2.75
2,2023-05-01 05:11:33,2023-05-01 05:21:47,N,1,74,152,1,1.74,11.4,0.0,0.5,2.58,0.0,-,1.0,15.48,1,1,0.0
2,2023-05-01 05:58:06,2023-05-01 06:12:04,N,1,74,166,1,2.1,14.9,0.0,0.5,3.28,0.0,-,1.0,19.68,1,1,0.0
2,2023-05-01 05:20:02,2023-05-01 05:20:19,N,1,152,152,1,0.02,3.0,0.0,0.5,0.0,0.0,-,1.0,4.5,2,1,0.0
2,2023-05-01 05:28:06,2023-05-01 05:56:57,N,1,152,236,1,4.25,28.2,0.0,0.5,4.5,0.0,-,1.0,36.95,1,1,2.75
1,2023-05-01 05:02:08,2023-05-01 05:24:51,N,1,74,239,1,3.4,22.6,2.75,1.5,3.5,0.0,-,1.0,30.35,1,1,2.75
1,2023-05-01 05:48:31,2023-05-01 06:01:30,N,1,74,238,1,2.4,14.9,2.75,1.5,2.0,0.0,-,1.0,21.15,1,1,2.75
2,2023-05-01 05:09:21,2023-05-01 05:23:14,N,1,166,166,1,2.02,14.9,0.0,0.5,0.0,0.0,-,1.0,16.4,2,1,0.0
2,2023-05-01 05:20:28,2023-05-01 05:31:59,N,1,74,166,1,1.59,12.1,0.0,0.5,3.4,0.0,-,1.0,17.0,1,1,0.0
2,2023-05-01 05:53:12,2023-05-01 06:15:10,N,1,130,265,1,8.61,36.6,0.0,0.5,9.52,0.0,-,1.0,47.62,1,1,0.0
2,2023-05-01 05:10:18,2023-05-01 05:33:28,N,1,65,113,1,3.54,23.3,0.0,0.5,5.37,0.0,-,0.3,32.22,1,1,2.75
2,2023-05-01 05:20:51,2023-05-01 05:47:41,N,1,130,132,1,10.09,41.5,0.0,0.5,8.6,0.0,-,1.0,51.6,1,1,0.0
2,2023-05-01 05:19:09,2023-05-01 05:29:05,N,1,74,42,1,1.49,11.4,0.0,0.5,0.0,0.0,-,1.0,12.9,1,1,0.0
2,2023-05-01 05:20:56,2023-05-01 05:31:26,N,1,74,166,2,1.28,10.7,0.0,0.5,2.44,0.0,-,1.0,14.64,1,1,0.0
2,2023-05-01 05:27:08,2023-05-01 05:44:31,N,1,43,143,1,2.99,18.4,0.0,0.5,6.8,0.0,-,1.0,29.45,1,1,2.75
2,2023-05-01 05:05:35,2023-05-01 05:13:18,N,1,243,244,1,1.02,9.3,0.0,0.5,0.0,0.0,-,1.0,10.8,2,1,0.0
2,2023-05-01 05:14:42,2023-05-01 05:44:13,N,1,244,237,1,7.18,35.9,0.0,0.5,8.03,0.0,-,1.0,48.18,1,1,2.75
2,2023-05-01 05:20:33,2023-05-01 05:33:39,N,1,74,138,1,6.64,28.2,5.0,0.5,10.31,6.55,-,1.0,51.56,1,1,0.0
2,2023-05-01 05:05:36,2023-05-01 05:19:37,N,1,95,121,1,2.62,16.3,0.0,0.5,0.0,0.0,-,1.0,17.8,2,1,0.0
2,2023-05-01 05:10:33,2023-05-01 05:19:03,N,1,75,74,1,1.2,9.3,0.0,0.5,0.0,0.0,-,1.0,10.8,2,1,0.0
2,2023-05-01 05:05:20,2023-05-01 05:11:50,N,1,74,75,1,1.19,8.6,0.0,0.5,1.5,0.0,-,1.0,11.6,1,1,0.0
2,2023-05-01 05:19:13,2023-05-01 05:22:40,N,1,74,41,1,0.4,5.1,0.0,0.5,1.32,0.0,-,1.0,7.92,1,1,0.0
2,2023-05-01 05:30:06,2023-05-01 05:58:32,N,1,7,193,1,1.44,23.3,0.0,0.5,2.0,0.0,-,1.0,26.8,1,1,0.0
2,2023-05-01 05:15:36,2023-05-01 05:26:56,N,1,74,166,2,1.55,11.4,0.0,0.5,2.58,0.0,-,1.0,15.48,1,1,0.0
2,2023-05-01 05:36:23,2023-05-01 05:55:51,N,1,166,230,2,3.78,21.2,0.0,0.5,5.09,0.0,-,1.0,30.54,1,1,2.75
2,2023-05-01 05:15:42,2023-05-01 05:24:34,N,1,74,75,1,1.21,10.0,0.0,0.5,2.0,0.0,-,1.0,13.5,1,1,0.0
2,2023-05-01 05:29:06,2023-05-01 05:31:12,N,1,74,74,1,0.36,4.4,0.0,0.5,0.0,0.0,-,1.0,5.9,2,1,0.0
2,2023-05-01 06:01:00,2023-05-01 06:08:52,N,1,74,42,1,1.02,8.6,0.0,0.5,1.0,0.0,-,1.0,11.1,1,1,0.0
2,2023-05-01 05:57:30,2023-05-01 06:12:12,N,1,129,7,1,2.65,16.3,0.0,0.5,1.78,0.0,-,1.0,19.58,1,1,0.0
2,2023-05-01 05:03:17,2023-05-01 05:18:32,N,1,74,263,2,2.34,15.6,0.0,0.5,3.97,0.0,-,1.0,23.82,1,1,2.75
2,2023-05-01 05:34:38,2023-05-01 05:40:06,N,1,74,43,2,0.75,7.2,0.0,0.5,2.61,0.0,-,1.0,11.31,1,1,0.0
2,2023-05-01 05:33:31,2023-05-01 05:49:51,N,1,166,236,1,3.45,19.1,0.0,0.5,4.67,0.0,-,1.0,28.02,1,1,2.75
2,2023-05-01 05:30:38,2023-05-01 05:40:32,N,1,75,236,1,1.59,11.4,0.0,0.5,3.91,0.0,-,1.0,19.56,1,1,2.75
2,2023-05-01 05:58:38,2023-05-01 06:12:49,N,1,74,166,1,1.88,14.2,0.0,0.5,3.14,0.0,-,1.0,18.84,1,1,0.0
2,2023-05-01 05:32:37,2023-05-01 05:40:40,N,1,74,43,1,1.42,9.3,0.0,0.5,2.7,0.0,-,1.0,13.5,1,1,0.0
2,2023-05-01 05:01:39,2023-05-01 05:06:54,N,1,166,151,1,1.36,8.6,0.0,0.5,1.0,0.0,-,1.0,11.1,1,1,0.0
2,2023-05-01 05:14:10,2023-05-01 05:20:35,N,1,166,152,1,1.04,8.6,0.0,0.5,0.0,0.0,-,1.0,10.1,2,1,0.0
1,2023-05-01 05:26:09,2023-05-01 05:43:11,N,1,74,262,2,2.7,17.0,2.75,1.5,4.25,0.0,-,1.0,25.5,1,1,2.75
1,2023-05-01 05:01:59,2023-05-01 05:12:14,N,1,74,75,1,1.5,11.4,0.0,1.5,2.55,0.0,-,1.0,15.45,1,1,0.0
2,2023-05-01 05:33:49,2023-05-01 05:44:56,N,1,116,42,1,1.12,11.4,0.0,0.5,0.0,0.0,-,1.0,12.9,2,1,0.0
2,2023-05-01 05:55:17,2023-05-01 06:05:24,N,1,41,41,1,1.15,10.7,0.0,0.5,0.0,0.0,-,1.0,12.2,2,1,0.0
2,2023-05-01 05:34:01,2023-05-01 05:39:38,N,1,74,41,1,0.67,7.2,0.0,0.5,2.0,0.0,-,0.3,10.0,1,1,0.0
2,2023-05-01 05:48:12,2023-05-01 06:08:48,N,1,43,162,1,3.2,21.2,0.0,0.5,6.19,0.0,-,0.3,30.94,1,1,2.75
1,2023-05-01 05:22:29,2023-05-01 05:31:30,N,1,42,75,1,1.5,10.7,0.0,1.5,0.0,0.0,-,1.0,12.2,2,1,0.0
2,2023-05-01 05:47:37,2023-05-01 06:14:28,N,1,196,130,1,3.83,27.5,0.0,0.5,0.0,0.0,-,1.0,29.0,2,1,0.0
2,2023-05-01 05:44:07,2023-05-01 06:06:30,N,1,134,171,1,7.08,31.7,0.0,0.5,0.0,0.0,-,1.0,33.2,2,1,0.0
2,2023-05-01 05:44:50,2023-05-01 05:49:44,N,1,75,74,1,0.89,7.2,0.0,0.5,0.0,0.0,-,1.0,8.7,2,1,0.0
2,2023-05-01 05:11:30,2023-05-01 05:19:40,N,1,74,43,1,1.41,9.3,0.0,0.5,1.0,0.0,-,1.0,11.8,1,1,0.0
2,2023-05-01 05:16:55,2023-05-01 05:32:50,N,1,41,141,1,3.08,17.7,0.0,0.5,0.0,0.0,-,1.0,21.95,2,1,2.75
2,2023-05-01 05:16:37,2023-05-01 05:42:48,N,1,74,237,1,3.43,24.7,0.0,0.5,4.34,0.0,-,1.0,33.29,1,1,2.75
2,2023-05-01 05:43:37,2023-05-01 05:51:59,N,1,75,41,1,1.47,10.0,0.0,0.5,2.3,0.0,-,1.0,13.8,1,1,0.0
2,2023-05-01 05:22:16,2023-05-01 05:30:32,N,1,42,116,1,1.23,10.0,0.0,0.5,0.0,0.0,-,1.0,11.5,2,1,0.0
2,2023-05-01 05:39:37,2023-05-01 06:02:07,N,1,41,142,1,3.99,23.3,0.0,0.5,0.0,0.0,-,1.0,27.55,2,1,2.75
2,2023-05-01 05:06:21,2023-05-01 05:08:22,N,1,152,166,6,0.41,4.4,0.0,0.5,0.0,0.0,-,1.0,5.9,2,1,0.0
2,2023-05-01 05:34:08,2023-05-01 05:41:26,N,1,41,239,6,1.89,10.7,0.0,0.5,0.0,0.0,-,1.0,14.95,1,1,2.75
2,2023-05-01 05:55:25,2023-05-01 06:02:44,N,1,75,74,6,1.85,10.7,0.0,0.5,0.0,0.0,-,1.0,12.2,2,1,0.0
2,2023-05-01 05:10:54,2023-05-01 05:17:53,N,1,152,152,1,0.62,7.9,0.0,0.5,0.0,0.0,-,1.0,9.4,2,1,0.0
2,2023-05-01 05:33:59,2023-05-01 05:58:44,N,1,244,236,1,5.74,31.0,0.0,0.5,3.0,0.0,-,1.0,38.25,1,1,2.75
2,2023-05-01 05:39:46,2023-05-01 05:44:14,N,1,74,41,1,0.76,6.5,0.0,0.5,1.6,0.0,-,1.0,9.6,1,1,0.0
2,2023-05-01 05:50:44,2023-05-01 06:00:00,N,1,43,263,1,1.33,10.0,0.0,0.5,0.0,0.0,-,1.0,14.25,2,1,2.75
2,2023-05-01 06:45:52,2023-05-01 06:53:51,N,1,82,226,2,1.2,9.3,0.0,0.5,0.0,0.0,-,1.0,10.8,2,1,0.0
2,2023-05-01 06:43:34,2023-05-01 06:59:23,N,1,74,237,1,2.69,17.0,0.0,0.5,4.25,0.0,-,1.0,25.5,1,1,2.75
2,2023-05-01 06:47:12,2023-05-01 07:03:17,N,1,75,43,1,1.9,15.6,0.0,0.5,0.0,0.0,-,1.0,19.85,2,1,2.75
2,2023-05-01 06:44:19,2023-05-01 06:50:19,N,1,74,42,1,0.9,7.9,0.0,0.5,1.6,0.0,-,1.0,11.0,1,1,0.0
2,2023-05-01 06:46:43,2023-05-01 06:48:40,N,1,41,166,1,0.37,4.4,0.0,0.5,0.0,0.0,-,1.0,5.9,2,1,0.0
2,2023-05-01 06:05:07,2023-05-01 06:24:22,N,1,41,163,1,3.06,19.8,0.0,0.5,4.81,0.0,-,1.0,28.86,1,1,2.75
2,2023-05-01 06:30:26,2023-05-01 06:45:51,N,1,166,41,1,2.22,15.6,0.0,0.5,2.0,0.0,-,1.0,19.1,1,1,0.0
2,2023-05-01 06:27:36,2023-05-01 06:50:02,N,1,75,233,1,3.3,21.2,0.0,0.5,5.09,0.0,-,1.0,30.54,1,1,2.75
2,2023-05-01 06:05:14,2023-05-01 06:13:47,N,1,75,74,1,1.38,10.7,0.0,0.5,0.0,0.0,-,1.0,12.2,2,1,0.0
2,2023-05-01 06:46:35,2023-05-01 07:07:42,N,1,75,230,1,4.26,24.0,0.0,0.5,7.06,0.0,-,1.0,35.31,1,1,2.75
1,2023-05-01 06:17:32,2023-05-01 06:37:59,N,1,74,230,1,5.2,26.8,2.75,1.5,2.0,0.0,-,1.0,33.05,1,1,2.75
2,2023-05-01 06:34:32,2023-05-01 06:52:06,N,1,41,239,1,3.11,19.1,0.0,0.5,0.01,0.0,-,1.0,23.36,1,1,2.75
2,2023-05-01 06:28:36,2023-05-01 06:55:44,N,1,75,162,1,2.57,20.5,0.0,0.5,0.0,0.0,-,0.3,24.05,2,1,2.75
1,2023-05-01 06:45:13,2023-05-01 06:59:01,N,1,74,238,1,2.5,12.8,0.0,1.5,2.0,0.0,-,1.0,16.3,1,1,0.0
1,2023-05-01 06:45:05,2023-05-01 06:53:42,N,1,74,236,1,1.5,9.3,2.75,1.5,0.0,0.0,-,1.0,13.55,2,1,2.75
2,2023-05-01 06:00:26,2023-05-01 06:03:52,N,1,166,238,4,0.99,6.5,0.0,0.5,2.15,0.0,-,1.0,12.9,1,1,2.75
2,2023-05-01 06:16:10,2023-05-01 06:36:25,N,1,166,246,4,5.44,26.1,0.0,0.5,0.0,0.0,-,1.0,30.35,2,1,2.75
1,2023-05-01 06:25:37,2023-05-01 06:34:08,N,1,74,41,1,1.0,9.3,0.0,1.5,2.0,0.0,-,1.0,12.8,1,1,0.0
2,2023-05-01 06:49:26,2023-05-01 06:57:46,N,1,97,97,2,1.31,10.0,0.0,0.5,2.3,0.0,-,1.0,13.8,1,1,0.0
2,2023-05-01 06:36:32,2023-05-01 07:02:04,N,1,43,161,1,2.97,23.3,0.0,0.5,5.51,0.0,-,1.0,33.06,1,1,2.75
2,2023-05-01 06:30:21,2023-05-01 06:35:45,N,1,74,75,2,1.05,7.2,0.0,0.5,0.0,0.0,-,1.0,8.7,1,1,0.0
2,2023-05-01 06:31:55,2023-05-01 07:03:05,N,1,41,141,1,3.02,27.5,0.0,0.5,9.52,0.0,-,1.0,41.27,1,1,2.75
2,2023-05-01 06:14:56,2023-05-01 06:25:36,N,1,260,157,6,1.47,9.0,0.0,0.5,0.0,0.0,-,0.3,9.8,2,1,0.0
2,2023-05-01 06:09:32,2023-05-01 06:28:52,N,1,74,238,6,2.89,19.8,0.0,0.5,4.26,0.0,-,1.0,25.56,1,1,0.0
2,2023-05-01 06:24:01,2023-05-01 06:48:37,N,1,134,132,1,6.78,31.7,0.0,0.5,0.0,0.0,-,1.0,33.2,1,1,0.0
2,2023-05-01 06:40:39,2023-05-01 06:43:52,N,1,166,151,1,0.71,5.8,0.0,0.5,0.0,0.0,-,1.0,7.3,2,1,0.0
2,2023-05-01 06:07:36,2023-05-01 06:16:39,N,1,74,75,1,1.35,10.0,0.0,0.5,3.45,0.0,-,1.0,14.95,1,1,0.0
2,2023-05-01 06:06:19,2023-05-01 06:26:17,N,1,75,161,1,2.86,19.1,0.0,0.5,4.67,0.0,-,1.0,28.02,1,1,2.75
1,2023-05-01 06:10:54,2023-05-01 06:11:24,N,1,74,74,1,0.1,3.0,0.0,1.5,0.0,0.0,-,1.0,4.5,2,1,0.0
2,2023-05-01 06:10:11,2023-05-01 06:26:56,N,1,244,238,1,5.01,24.7,0.0,0.5,4.5,0.0,-,1.0,33.45,1,1,2.75
2,2023-05-01 06:44:23,2023-05-01 07:00:58,N,1,74,263,1,2.23,16.3,0.0,0.5,3.08,0.0,-,1.0,23.63,1,1,2.75
2,2023-05-01 06:40:53,2023-05-01 06:55:59,N,1,7,145,1,2.33,15.6,0.0,0.5,3.42,0.0,-,1.0,20.52,1,1,0.0
2,2023-05-01 06:32:58,2023-05-01 06:55:56,N,1,74,239,1,3.54,22.6,0.0,0.5,0.0,0.0,-,1.0,26.85,2,1,2.75
2,2023-05-01 06:27:31,2023-05-01 06:35:26,N,1,74,166,1,1.31,9.3,0.0,0.5,2.16,0.0,-,1.0,12.96,1,1,0.0
2,2023-05-01 06:04:37,2023-05-01 06:27:30,N,1,75,138,1,8.46,38.0,5.0,0.5,10.21,6.55,-,1.0,61.26,1,1,0.0
1,2023-05-01 06:10:15,2023-05-01 06:22:07,N,1,244,166,1,2.9,14.9,0.0,1.5,0.0,0.0,-,1.0,16.4,2,1,0.0
1,2023-05-01 06:42:42,2023-05-01 06:54:57,N,1,244,151,1,4.6,19.8,2.75,1.5,3.61,0.0,-,1.0,27.66,1,1,2.75
2,2023-05-01 06:06:42,2023-05-01 06:23:25,N,1,116,168,1,1.86,16.3,0.0,0.5,0.0,0.0,-,1.0,17.8,2,1,0.0
2,2023-05-01 06:48:51,2023-05-01 06:53:01,N,1,41,41,1,0.35,5.8,0.0,0.5,0.0,0.0,-,1.0,7.3,2,1,0.0
2,2023-05-01 06:57:27,2023-05-01 07:16:32,N,1,41,43,1,2.96,19.1,0.0,0.5,4.67,0.0,-,1.0,28.02,1,1,2.75
2,2023-05-01 06:12:57,2023-05-01 06:34:11,N,1,75,138,6,8.58,37.3,5.0,0.5,10.07,6.55,-,1.0,60.42,1,1,0.0
2,2023-05-01 06:45:49,2023-05-01 06:53:51,N,1,129,129,6,1.23,10.0,0.0,0.5,0.0,0.0,-,1.0,11.5,2,1,0.0
2,2023-05-01 06:07:10,2023-05-01 06:12:32,N,1,74,41,1,0.74,7.2,0.0,0.5,2.18,0.0,-,1.0,10.88,1,1,0.0
2,2023-05-01 06:16:21,2023-05-01 06:44:32,N,1,41,161,1,4.55,28.2,0.0,0.5,6.49,0.0,-,1.0,38.94,1,1,2.75
1,2023-05-01 06:13:45,2023-05-01 06:27:27,N,1,116,74,2,2.8,16.3,0.0,1.5,0.0,0.0,-,1.0,17.8,2,1,0.0
1,2023-05-01 06:47:27,2023-05-01 06:56:56,N,1,74,243,1,4.3,19.1,0.0,1.5,0.0,0.0,-,1.0,20.6,2,1,0.0
2,2023-05-01 06:44:01,2023-05-01 06:59:51,N,1,52,181,1,2.31,16.3,0.0,0.5,3.56,0.0,-,1.0,21.36,1,1,0.0
2,2023-05-01 06:39:18,2023-05-01 06:51:48,N,1,75,236,1,0.92,11.4,0.0,0.5,3.13,0.0,-,1.0,18.78,1,1,2.75
2,2023-05-01 06:13:03,2023-05-01 06:15:36,N,1,75,151,1,0.83,5.8,0.0,0.5,0.0,0.0,-,1.0,7.3,2,1,0.0
2,2023-05-01 06:59:54,2023-05-01 07:16:10,N,1,41,236,1,2.01,16.3,0.0,0.5,4.45,0.0,-,1.0,25.0,1,1,2.75
2,2023-05-01 06:34:38,2023-05-01 06:49:36,N,1,74,238,1,3.19,17.7,0.0,0.5,2.0,0.0,-,1.0,23.95,1,1,2.75
2,2023-05-01 06:53:24,2023-05-01 07:03:09,N,1,134,197,1,2.59,13.5,0.0,0.5,0.0,0.0,-,1.0,15.0,1,1,0.0
1,2023-05-01 06:46:09,2023-05-01 06:56:18,N,1,42,166,1,1.5,10.7,0.0,1.5,0.0,0.0,-,1.0,12.2,2,1,0.0
2,2023-05-01 06:34:52,2023-05-01 06:41:47,N,1,152,42,1,1.02,8.6,0.0,0.5,2.02,0.0,-,1.0,12.12,1,1,0.0
2,2023-05-01 06:44:18,2023-05-01 06:49:04,N,1,42,42,1,0.91,7.2,0.0,0.5,0.0,0.0,-,1.0,8.7,2,1,0.0
2,2023-05-01 06:34:51,2023-05-01 06:39:34,N,1,43,151,6,0.84,7.2,0.0,0.5,0.0,0.0,-,1.0,8.7,2,1,0.0
2,2023-05-01 06:53:58,2023-05-01 06:58:01,N,1,74,41,6,0.85,6.5,0.0,0.5,0.0,0.0,-,1.0,8.0,2,1,0.0
2,2023-05-01 04:40:29,2023-05-01 04:56:16,N,1,74,151,1,2.46,16.3,0.0,0.5,0.0,0.0,-,1.0,17.8,2,1,0.0
2,2023-05-01 06:56:52,2023-05-01 07:09:33,N,1,75,239,1,2.01,14.2,0.0,0.5,1.0,0.0,-,1.0,19.45,1,1,2.75
2,2023-05-01 06:30:51,2023-05-01 06:50:46,N,1,82,7,1,3.05,20.5,0.0,0.5,2.0,0.0,-,1.0,24.0,1,1,0.0
2,2023-05-01 06:22:02,2023-05-01 06:34:23,N,1,74,42,1,1.35,12.8,0.0,0.5,0.0,0.0,-,1.0,14.3,2,1,0.0
2,2023-05-01 06:46:03,2023-05-01 06:56:24,N,1,74,166,2,1.33,10.7,0.0,0.5,2.44,0.0,-,1.0,14.64,1,1,0.0
2,2023-05-01 07:03:21,2023-05-01 07:12:47,N,1,92,92,1,0.84,10.0,0.0,0.5,2.3,0.0,-,1.0,13.8,1,1,0.0
1,2023-05-01 06:46:28,2023-05-01 07:24:21,N,1,213,140,3,9.5,41.5,2.75,1.5,0.0,0.0,-,1.0,45.75,2,1,2.75
2,2023-05-01 06:26:34,2023-05-01 06:40:26,N,1,82,138,2,3.79,19.1,5.0,0.5,0.0,0.0,-,1.0,25.6,2,1,0.0
2,2023-05-01 06:04:28,2023-05-01 06:16:31,N,1,74,238,1,2.41,13.5,0.0,0.5,1.0,0.0,-,1.0,18.75,1,1,2.75
2,2023-05-01 06:14:14,2023-05-01 06:27:46,N,1,74,236,2,2.51,14.9,0.0,0.5,3.83,0.0,-,1.0,22.98,1,1,2.75
2,2023-05-01 06:30:48,2023-05-01 06:41:34,N,1,41,43,1,1.92,12.8,0.0,0.5,0.0,0.0,-,1.0,17.05,2,1,2.75
2,2023-05-01 06:12:35,2023-05-01 06:19:49,N,1,41,166,1,0.99,8.6,0.0,0.5,2.02,0.0,-,1.0,12.12,1,1,0.0
2,2023-05-01 06:14:46,2023-05-01 06:21:56,N,1,74,75,1,1.5,9.3,0.0,0.5,2.16,0.0,-,1.0,12.96,1,1,0.0
2,2023-05-01 06:26:05,2023-05-01 06:38:49,N,1,95,196,1,1.91,13.5,0.0,0.5,0.0,0.0,-,1.0,15.0,2,1,0.0
2,2023-05-01 06:34:09,2023-05-01 06:45:50,N,1,74,166,1,1.97,12.8,0.0,0.5,2.86,0.0,-,1.0,17.16,1,1,0.0
2,2023-05-01 06:37:12,2023-05-01 06:44:10,N,1,75,263,1,0.78,7.9,0.0,0.5,0.0,0.0,-,1.0,12.15,2,1,2.75
2,2023-05-01 06:55:23,2023-05-01 07:20:35,N,1,75,87,1,8.59,38.0,0.0,0.5,5.0,0.0,-,1.0,47.25,1,1,2.75
2,2023-05-01 06:12:22,2023-05-01 06:29:07,N,1,95,157,3,3.84,20.5,0.0,0.5,0.0,0.0,-,1.0,22.0,2,1,0.0
1,2023-05-01 06:45:59,2023-05-01 06:54:15,N,1,166,42,1,1.3,10.0,0.0,1.5,0.0,0.0,-,1.0,11.5,2,1,0.0
2,2023-05-01 06:53:45,2023-05-01 07:02:55,N,1,74,41,1,0.76,9.3,0.0,0.5,2.16,0.0,-,1.0,12.96,1,1,0.0
2,2023-05-01 06:44:06,2023-05-01 06:54:26,N,1,74,236,1,1.84,12.1,0.0,0.5,3.27,0.0,-,1.0,19.62,1,1,2.75
2,2023-05-01 06:58:05,2023-05-01 07:10:19,N,1,41,74,1,0.76,11.4,0.0,0.5,0.0,0.0,-,1.0,12.9,1,1,0.0
2,2023-05-01 06:25:08,2023-05-01 06:38:56,N,1,75,263,2,1.47,13.5,0.0,0.5,2.25,0.0,-,1.0,20.0,1,1,2.75
2,2023-05-01 06:12:02,2023-05-01 06:24:20,N,1,260,223,1,2.67,14.9,0.0,0.5,3.28,0.0,-,1.0,19.68,1,1,0.0
2,2023-05-01 06:30:59,2023-05-01 06:36:28,N,1,75,74,1,1.41,8.6,0.0,0.5,1.0,0.0,-,1.0,11.1,1,1,0.0
2,2023-05-01 06:06:54,2023-05-01 06:22:38,N,1,130,132,1,5.29,25.4,0.0,0.5,4.04,0.0,-,1.0,30.94,1,1,0.0
2,2023-05-01 05:58:30,2023-05-01 06:12:23,N,1,244,248,1,4.68,21.9,0.0,0.5,0.0,0.0,-,1.0,23.4,2,1,0.0
1,2023-05-01 06:26:58,2023-05-01 06:47:02,N,1,166,68,1,6.4,30.3,2.75,1.5,10.0,0.0,-,1.0,44.55,1,1,2.75
2,2023-05-01 06:04:50,2023-05-01 06:11:26,N,1,74,75,1,1.3,8.6,0.0,0.5,2.02,0.0,-,1.0,12.12,1,1,0.0
2,2023-05-01 06:30:14,2023-05-01 06:36:16,N,1,74,75,1,0.91,7.9,0.0,0.5,1.88,0.0,-,1.0,11.28,1,1,0.0
2,2023-05-01 06:42:17,2023-05-01 06:59:41,N,1,74,69,1,3.77,20.5,0.0,0.5,0.0,0.0,-,1.0,22.0,2,1,0.0
2,2023-05-01 06:40:31,2023-05-01 07:06:56,N,1,92,28,1,6.63,35.2,0.0,0.5,0.0,0.0,-,1.0,36.7,2,1,0.0
2,2023-05-01 06:11:02,2023-05-01 06:14:44,N,1,41,41,1,0.63,5.8,0.0,0.5,0.0,0.0,-,1.0,7.3,2,1,0.0
2,2023-05-01 06:25:48,2023-05-01 06:30:57,N,1,24,238,1,0.98,7.2,0.0,0.5,0.0,0.0,-,1.0,8.7,2,1,0.0
2,2023-05-01 06:39:41,2023-05-01 06:50:44,N,1,166,42,1,2.01,13.5,0.0,0.5,3.0,0.0,-,1.0,18.0,1,1,0.0
2,2023-05-01 06:57:11,2023-05-01 07:09:08,N,1,7,226,1,1.8,12.8,0.0,0.5,2.86,0.0,-,1.0,17.16,1,1,0.0
2,2023-05-01 06:28:53,2023-05-01 07:03:53,N,1,130,160,1,6.39,35.2,0.0,0.5,0.0,0.0,-,1.0,36.7,2,1,0.0
1,2023-05-01 06:28:19,2023-05-01 06:39:29,N,1,243,244,1,1.8,12.1,0.0,1.5,0.0,0.0,-,1.0,13.6,2,1,0.0
1,2023-05-01 06:47:41,2023-05-01 06:56:32,N,1,244,42,1,1.6,10.7,0.0,1.5,0.0,0.0,-,1.0,12.2,2,1,0.0
2,2023-05-01 06:08:10,2023-05-01 06:35:19,N,1,95,7,1,8.64,39.4,0.0,0.5,0.0,0.0,-,1.0,40.9,2,1,0.0
2,2023-05-01 06:55:55,2023-05-01 07:05:41,N,1,74,236,1,1.7,11.4,0.0,0.5,4.7,0.0,-,1.0,20.35,1,1,2.75
2,2023-05-01 06:46:00,2023-05-01 06:56:37,N,1,130,130,1,1.69,12.1,0.0,0.5,0.0,0.0,-,1.0,13.6,2,1,0.0
2,2023-05-01 06:03:25,2023-05-01 06:18:10,N,1,75,140,1,1.97,14.2,0.0,0.5,0.0,0.0,-,1.0,18.45,2,1,2.75
2,2023-05-01 07:02:03,2023-05-01 07:22:04,N,1,130,205,1,3.12,19.8,0.0,0.5,0.0,0.0,-,1.0,21.3,2,1,0.0
2,2023-05-01 06:01:28,2023-05-01 06:08:33,N,1,41,166,1,0.74,7.9,0.0,0.5,0.0,0.0,-,1.0,9.4,1,1,0.0
2,2023-05-01 06:16:42,2023-05-01 06:36:27,N,1,75,163,1,2.61,19.1,0.0,0.5,4.67,0.0,-,1.0,28.02,1,1,2.75
1,2023-05-01 06:41:09,2023-05-01 06:44:17,N,1,247,42,1,0.7,5.8,0.0,1.5,5.0,0.0,-,1.0,12.3,1,1,0.0
2,2023-05-01 06:59:17,2023-05-01 07:02:18,N,1,75,74,1,0.6,5.8,0.0,0.5,0.0,0.0,-,1.0,7.3,2,1,0.0
1,2023-05-01 07:52:19,2023-05-01 07:58:05,N,1,7,145,1,1.0,7.9,0.0,1.5,0.0,0.0,-,1.0,9.4,2,1,0.0
2,2023-05-01 07:43:43,2023-05-01 07:48:03,N,1,7,223,1,0.61,6.5,0.0,0.5,0.0,0.0,-,1.0,8.0,2,1,0.0
2,2023-05-01 07:13:03,2023-05-01 07:21:23,N,1,75,75,1,0.48,8.6,0.0,0.5,2.0,0.0,-,0.3,11.4,1,1,0.0
2,2023-05-01 07:46:50,2023-05-01 07:51:08,N,1,75,74,1,0.54,6.5,0.0,0.5,0.0,0.0,-,0.3,7.3,2,1,0.0
2,2023-05-01 07:46:41,2023-05-01 07:56:19,N,1,74,24,1,1.81,11.4,0.0,0.5,2.58,0.0,-,1.0,15.48,1,1,0.0
2,2023-05-01 07:17:20,2023-05-01 07:45:01,N,1,130,138,1,7.68,38.7,5.0,0.5,11.3,0.0,-,1.0,56.5,1,1,0.0
2,2023-05-01 07:56:21,2023-05-01 08:05:08,N,1,116,42,1,1.3,10.7,0.0,0.5,0.0,0.0,-,1.0,12.2,2,1,0.0
2,2023-05-01 07:09:47,2023-05-01 07:42:18,N,1,97,37,1,3.47,27.5,0.0,0.5,5.8,0.0,-,1.0,34.8,1,1,0.0
2,2023-05-01 08:02:55,2023-05-01 08:20:30,N,1,259,174,1,3.44,19.8,0.0,0.5,4.26,0.0,-,1.0,25.56,1,1,0.0
1,2023-05-01 07:36:25,2023-05-01 07:54:50,N,1,33,181,1,2.8,18.4,0.0,1.5,4.95,0.0,-,1.0,24.85,1,1,0.0
1,2023-05-01 07:32:23,2023-05-01 07:52:59,N,1,74,262,1,2.8,17.7,2.75,1.5,4.35,0.0,-,1.0,26.3,1,1,2.75
2,2023-05-01 07:20:36,2023-05-01 07:25:51,N,1,41,166,1,1.01,7.9,0.0,0.5,1.88,0.0,-,1.0,11.28,1,1,0.0
2,2023-05-01 07:36:03,2023-05-01 07:49:04,N,1,166,43,1,2.25,14.9,0.0,0.5,1.0,0.0,-,1.0,20.15,1,1,2.75
2,2023-05-01 07:42:45,2023-05-01 07:54:24,N,1,61,188,1,1.95,12.8,0.0,0.5,1.43,0.0,-,1.0,15.73,1,1,0.0
2,2023-05-01 07:19:20,2023-05-01 07:30:09,N,1,95,197,2,1.95,12.1,0.0,0.5,0.0,0.0,-,1.0,13.6,2,1,0.0
2,2023-05-01 07:02:10,2023-05-01 07:08:19,N,1,25,25,1,0.9,7.2,0.0,0.5,0.0,0.0,-,1.0,8.7,2,1,0.0
2,2023-05-01 07:23:20,2023-05-01 07:27:44,N,1,43,236,1,0.62,5.8,0.0,0.5,2.0,0.0,-,0.3,11.35,1,1,2.75
2,2023-05-01 07:45:34,2023-05-01 08:06:41,N,1,116,244,1,3.23,21.9,0.0,0.5,0.0,0.0,-,1.0,23.4,2,1,0.0
2,2023-05-01 07:08:50,2023-05-01 07:26:01,N,1,116,236,3,4.41,21.2,0.0,0.5,0.0,0.0,-,0.3,24.75,2,1,2.75
2,2023-05-01 07:57:47,2023-05-01 08:18:12,N,1,145,256,1,3.1,20.5,0.0,0.5,0.0,0.0,-,1.0,22.0,2,1,0.0
1,2023-05-01 07:38:46,2023-05-01 07:48:31,N,1,74,152,1,1.4,10.0,0.0,1.5,1.0,0.0,-,1.0,12.5,1,1,0.0
2,2023-05-01 07:11:57,2023-05-01 07:24:48,N,1,166,75,5,1.7,13.5,0.0,0.5,0.0,0.0,-,1.0,15.0,2,1,0.0
2,2023-05-01 07:32:57,2023-05-01 08:00:07,N,1,43,161,5,2.9,24.0,0.0,0.5,5.0,0.0,-,1.0,33.25,1,1,2.75
2,2023-05-01 07:30:02,2023-05-01 07:34:12,N,1,43,75,1,0.4,5.8,0.0,0.5,0.0,0.0,-,1.0,7.3,2,1,0.0
2,2023-05-01 07:16:19,2023-05-01 07:28:04,N,1,95,138,1,5.05,21.9,5.0,0.5,0.0,0.0,-,1.0,28.4,2,1,0.0
2,2023-05-01 07:42:18,2023-05-01 07:54:17,N,1,97,181,2,2.1,13.5,0.0,0.5,0.0,0.0,-,1.0,15.0,2,1,0.0
2,2023-05-01 07:53:41,2023-05-01 08:18:02,N,1,75,232,1,7.01,33.8,0.0,0.5,0.0,0.0,-,1.0,38.05,2,1,2.75
2,2023-05-01 07:29:58,2023-05-01 07:56:11,N,1,41,230,2,3.79,25.4,0.0,0.5,2.0,0.0,-,1.0,31.65,1,1,2.75
2,2023-05-01 07:14:43,2023-05-01 07:33:03,N,1,74,236,1,2.43,18.4,0.0,0.5,4.53,0.0,-,1.0,27.18,1,1,2.75
2,2023-05-01 07:46:40,2023-05-01 08:00:42,N,1,75,116,1,2.86,16.3,0.0,0.5,0.0,0.0,-,1.0,17.8,2,1,0.0
2,2023-05-01 07:50:23,2023-05-01 08:04:59,N,1,82,160,1,2.64,15.6,0.0,0.5,3.0,0.0,-,1.0,20.1,1,1,0.0
2,2023-05-01 07:03:31,2023-05-01 07:15:08,N,1,244,200,1,5.3,23.3,0.0,0.5,5.56,3.0,-,1.0,33.36,1,1,0.0
2,2023-05-01 07:36:22,2023-05-01 07:51:27,N,1,41,236,1,1.89,14.9,0.0,0.5,0.0,0.0,-,1.0,19.15,2,1,2.75
2,2023-05-01 07:32:31,2023-05-01 07:51:36,N,1,74,244,1,3.04,19.1,0.0,0.5,5.15,0.0,-,1.0,25.75,1,1,0.0
2,2023-05-01 07:22:56,2023-05-01 08:05:21,N,1,43,186,1,4.58,34.5,0.0,0.5,0.0,0.0,-,1.0,38.75,2,1,2.75
1,2023-05-01 07:38:06,2023-05-01 07:54:20,N,1,75,152,1,2.6,14.9,0.0,1.5,4.9,0.0,-,1.0,21.3,1,1,0.0
1,2023-05-01 07:56:13,2023-05-01 08:03:43,N,1,116,244,1,1.1,8.6,0.0,1.5,2.0,0.0,-,1.0,12.1,1,1,0.0
2,2023-05-01 06:59:39,2023-05-01 07:09:30,N,1,41,42,1,1.81,12.1,0.0,0.5,0.0,0.0,-,1.0,13.6,1,1,0.0
2,2023-05-01 07:40:23,2023-05-01 07:49:47,N,1,74,236,1,1.9,11.4,0.0,0.5,2.0,0.0,-,1.0,17.65,1,1,2.75
2,2023-05-01 07:40:31,2023-05-01 07:50:44,N,1,75,152,1,2.48,12.8,0.0,0.5,4.29,0.0,-,1.0,18.59,1,1,0.0
2,2023-05-01 07:33:00,2023-05-01 07:41:24,N,1,244,166,5,2.68,13.5,0.0,0.5,0.0,0.0,-,1.0,15.0,2,1,0.0
2,2023-05-01 07:36:28,2023-05-01 07:52:47,N,1,74,244,1,3.18,18.4,0.0,0.5,0.0,0.0,-,1.0,19.9,1,1,0.0
2,2023-05-01 07:52:06,2023-05-01 08:13:17,N,1,95,198,1,3.47,21.9,0.0,0.5,0.0,0.0,-,1.0,23.4,2,1,0.0
2,2023-05-01 07:36:32,2023-05-01 07:50:23,N,1,83,226,1,2.73,15.6,0.0,0.5,0.0,0.0,-,1.0,17.1,2,1,0.0
2,2023-05-01 07:43:02,2023-05-01 07:52:06,N,1,166,238,1,1.62,10.7,0.0,0.5,0.0,0.0,-,1.0,14.95,2,1,2.75
2,2023-05-01 07:14:10,2023-05-01 07:28:50,N,1,74,236,1,2.23,14.9,0.0,0.5,0.0,0.0,-,1.0,19.15,2,1,2.75
2,2023-05-01 07:24:47,2023-05-01 07:37:21,N,1,52,97,1,1.9,13.5,0.0,0.5,3.0,0.0,-,1.0,18.0,1,1,0.0
2,2023-05-01 07:24:31,2023-05-01 07:33:37,N,1,41,42,1,1.33,10.7,0.0,0.5,0.0,0.0,-,1.0,12.2,2,1,0.0
2,2023-05-01 07:39:33,2023-05-01 07:49:13,N,1,74,166,1,1.29,10.7,0.0,0.5,2.44,0.0,-,1.0,14.64,1,1,0.0
2,2023-05-01 07:36:04,2023-05-01 08:01:52,N,1,75,48,1,3.66,24.7,0.0,0.5,5.79,0.0,-,1.0,34.74,1,1,2.75
2,2023-05-01 07:38:30,2023-05-01 08:00:11,N,1,129,138,1,3.88,24.0,5.0,0.5,3.5,0.0,-,1.0,34.0,1,1,0.0
2,2023-05-01 07:38:50,2023-05-01 07:53:23,N,1,74,239,1,3.2,17.0,0.0,0.5,4.25,0.0,-,1.0,25.5,1,1,2.75
2,2023-05-01 07:00:39,2023-05-01 07:09:16,N,1,260,129,1,0.98,9.3,0.0,0.5,5.0,0.0,-,1.0,15.8,1,1,0.0
2,2023-05-01 07:44:41,2023-05-01 07:57:21,N,1,43,239,1,2.28,13.5,0.0,0.5,0.0,0.0,-,1.0,17.75,2,1,2.75
1,2023-05-01 07:48:48,2023-05-01 07:51:26,N,1,75,75,1,0.7,5.8,0.0,1.5,1.8,0.0,-,1.0,9.1,1,1,0.0
2,2023-05-01 04:50:06,2023-05-01 05:05:02,N,1,74,138,1,6.66,27.5,5.0,0.5,8.11,6.55,-,1.0,48.66,1,1,0.0
2,2023-05-01 07:40:40,2023-05-01 07:47:18,N,1,43,166,1,0.96,8.6,0.0,0.5,0.0,0.0,-,1.0,10.1,2,1,0.0
2,2023-05-01 07:47:55,2023-05-01 07:57:25,N,1,166,238,1,1.63,11.4,0.0,0.5,0.0,0.0,-,1.0,15.65,2,1,2.75
2,2023-05-01 07:46:08,2023-05-01 08:02:04,N,1,260,138,1,3.99,20.5,5.0,0.5,0.0,0.0,-,1.0,27.0,1,1,0.0
2,2023-05-01 07:32:26,2023-05-01 07:47:33,N,1,74,238,1,2.29,15.6,0.0,0.5,3.42,0.0,-,1.0,20.52,1,1,0.0
2,2023-05-01 07:59:09,2023-05-01 08:03:52,N,1,166,166,1,0.73,7.2,0.0,0.5,2.18,0.0,-,1.0,10.88,1,1,0.0
2,2023-05-01 07:43:26,2023-05-01 07:50:51,N,1,166,41,1,1.26,8.6,0.0,0.5,2.0,0.0,-,1.0,12.1,1,1,0.0
2,2023-05-01 07:30:29,2023-05-01 07:35:48,N,1,41,42,1,0.96,7.9,0.0,0.5,0.0,0.0,-,1.0,9.4,2,1,0.0
2,2023-05-01 07:41:45,2023-05-01 07:51:57,N,1,42,43,1,1.81,12.1,0.0,0.5,0.7,0.0,-,1.0,14.3,1,1,0.0
2,2023-05-01 07:55:04,2023-05-01 08:06:43,N,1,43,238,1,1.6,12.8,0.0,0.5,0.0,0.0,-,1.0,17.05,2,1,2.75
2,2023-05-01 07:24:00,2023-05-01 07:28:39,N,1,43,238,2,0.82,7.2,0.0,0.5,0.0,0.0,-,1.0,11.45,2,1,2.75
2,2023-05-01 07:46:10,2023-05-01 08:11:32,N,1,75,161,2,2.83,22.6,0.0,0.5,4.0,0.0,-,1.0,30.85,1,1,2.75
2,2023-05-01 07:12:39,2023-05-01 07:22:42,N,5,92,135,1,1.66,20.0,0.0,0.0,0.0,0.0,-,1.0,21.0,2,2,0.0
2,2023-05-01 08:01:06,2023-05-01 08:11:43,N,1,43,239,1,2.02,12.8,0.0,0.5,3.41,0.0,-,1.0,20.46,1,1,2.75
2,2023-05-01 07:05:29,2023-05-01 07:15:35,N,1,116,166,1,2.18,11.4,0.0,0.5,0.0,0.0,-,1.0,12.9,2,1,0.0
2,2023-05-01 07:22:25,2023-05-01 07:52:18,N,1,24,161,1,3.71,27.5,0.0,0.5,3.18,0.0,-,1.0,34.93,1,1,2.75
2,2023-05-01 07:20:21,2023-05-01 07:40:32,N,1,17,255,1,2.82,19.8,0.0,0.5,2.0,0.0,-,1.0,23.3,1,1,0.0
2,2023-05-01 07:05:06,2023-05-01 07:21:14,N,1,65,144,1,2.6,17.7,0.0,0.5,4.39,0.0,-,1.0,26.34,1,1,2.75
1,2023-05-01 07:56:17,2023-05-01 08:03:02,N,1,75,75,1,0.8,7.9,0.0,1.5,0.0,0.0,-,1.0,9.4,1,1,0.0
2,2023-05-01 07:14:41,2023-05-01 07:26:41,N,1,82,138,2,3.9,18.4,5.0,0.5,0.0,0.0,-,1.0,24.9,2,1,0.0
2,2023-05-01 07:12:50,2023-05-01 07:23:17,N,1,74,166,2,1.94,11.4,0.0,0.5,0.0,0.0,-,1.0,12.9,2,1,0.0
2,2023-05-01 07:58:37,2023-05-01 08:06:30,N,1,95,28,1,1.84,10.7,0.0,0.5,0.0,0.0,-,1.0,12.2,2,1,0.0
2,2023-05-01 07:20:04,2023-05-01 07:44:22,N,1,75,168,1,3.16,24.0,0.0,0.5,5.1,0.0,-,1.0,30.6,1,1,0.0
2,2023-05-01 07:34:12,2023-05-01 07:47:29,N,1,74,116,1,2.15,14.2,0.0,0.5,3.14,0.0,-,1.0,18.84,1,1,0.0
2,2023-05-01 07:19:10,2023-05-01 07:35:58,N,1,168,229,1,5.9,24.7,0.0,0.5,0.0,0.0,-,1.0,28.95,2,1,2.75
2,2023-05-01 07:53:32,2023-05-01 07:54:18,N,1,42,42,2,0.07,3.0,0.0,0.5,0.0,0.0,-,1.0,4.5,4,1,0.0
2,2023-05-01 07:51:51,2023-05-01 08:06:46,N,1,95,121,1,2.38,15.6,0.0,0.5,3.42,0.0,-,1.0,20.52,1,1,0.0
2,2023-05-01 07:31:51,2023-05-01 07:42:22,N,1,74,236,1,2.1,12.8,0.0,0.5,3.41,0.0,-,1.0,20.46,1,1,2.75
2,2023-05-01 07:48:59,2023-05-01 07:58:09,N,1,95,95,1,0.95,10.0,0.0,0.5,0.0,0.0,-,1.0,11.5,2,1,0.0
2,2023-05-01 07:33:12,2023-05-01 07:51:01,N,1,74,244,1,2.7,18.4,0.0,0.5,4.98,0.0,-,1.0,24.88,1,1,0.0
1,2023-05-01 07:34:35,2023-05-01 07:57:28,N,1,33,181,1,2.8,19.1,0.0,1.5,0.0,0.0,-,1.0,20.6,2,1,0.0
2,2023-05-01 07:31:42,2023-05-01 07:42:40,N,1,95,95,2,1.26,11.4,0.0,0.5,0.0,0.0,-,1.0,12.9,2,1,0.0
2,2023-05-01 07:41:58,2023-05-01 07:47:55,N,1,7,7,1,0.82,7.2,0.0,0.5,0.0,0.0,-,1.0,8.7,2,1,0.0
2,2023-05-01 07:21:05,2023-05-01 07:26:19,N,1,41,151,2,1.19,7.9,0.0,0.5,1.88,0.0,-,1.0,11.28,1,1,0.0
2,2023-05-01 07:51:56,2023-05-01 08:11:38,N,1,74,237,1,3.06,20.5,0.0,0.5,3.0,0.0,-,1.0,27.75,1,1,2.75
2,2023-05-01 07:29:17,2023-05-01 07:33:27,N,1,260,83,1,0.8,6.5,0.0,0.5,0.0,0.0,-,1.0,8.0,1,1,0.0
2,2023-05-01 07:11:33,2023-05-01 07:24:04,N,1,74,159,1,2.11,14.2,0.0,0.5,0.0,0.0,-,1.0,15.7,2,1,0.0
2,2023-05-01 07:30:40,2023-05-01 07:31:55,N,1,159,159,1,0.02,3.7,0.0,0.5,0.0,0.0,-,1.0,5.2,2,1,0.0
2,2023-05-01 07:36:40,2023-05-01 07:48:42,N,1,130,132,1,4.74,20.5,0.0,0.5,0.0,0.0,-,0.3,21.3,1,1,0.0
2,2023-05-01 07:25:25,2023-05-01 07:31:38,N,1,43,236,1,0.79,7.9,0.0,0.5,1.0,0.0,-,1.0,13.15,1,1,2.75
2,2023-05-01 07:31:57,2023-05-01 07:51:32,N,1,83,129,1,2.57,18.4,0.0,0.5,0.0,0.0,-,1.0,19.9,2,1,0.0
2,2023-05-01 07:37:14,2023-05-01 07:48:01,N,1,74,236,1,1.94,12.1,0.0,0.5,3.27,0.0,-,1.0,19.62,1,1,2.75
2,2023-05-01 07:09:42,2023-05-01 07:25:06,N,1,82,138,1,3.86,20.5,5.0,0.5,3.0,0.0,-,1.0,30.0,1,1,0.0
2,2023-05-01 07:54:54,2023-05-01 08:15:45,N,1,83,102,1,3.55,21.2,0.0,0.5,0.0,0.0,-,1.0,22.7,2,1,0.0
2,2023-05-01 07:20:22,2023-05-01 07:55:17,N,1,43,170,1,4.01,31.0,0.0,0.5,7.05,0.0,-,1.0,42.3,1,1,2.75
2,2023-05-01 07:13:43,2023-05-01 07:27:41,N,1,74,138,1,6.83,28.2,5.0,0.5,8.25,6.55,-,1.0,49.5,1,1,0.0
2,2023-05-01 07:09:18,2023-05-01 07:22:17,N,1,166,43,1,2.69,16.3,0.0,0.5,5.14,0.0,-,1.0,25.69,1,1,2.75
2,2023-05-01 07:35:50,2023-05-01 07:42:05,N,1,75,236,1,1.16,8.6,0.0,0.5,2.57,0.0,-,1.0,15.42,1,1,2.75
2,2023-05-01 07:52:06,2023-05-01 07:54:49,N,1,75,75,1,0.49,5.1,0.0,0.5,0.0,0.0,-,1.0,6.6,2,1,0.0
1,2023-05-01 07:34:31,2023-05-01 07:56:01,N,1,41,246,1,5.8,29.6,2.75,1.5,6.75,0.0,-,1.0,40.6,1,1,2.75
2,2023-05-01 07:17:25,2023-05-01 07:30:14,N,1,152,41,1,1.6,12.8,0.0,0.5,0.0,0.0,-,1.0,14.3,2,1,0.0
2,2023-05-01 07:47:24,2023-05-01 08:00:56,N,1,152,244,1,3.58,17.7,0.0,0.5,0.0,0.0,-,1.0,19.2,2,1,0.0
2,2023-05-01 07:24:31,2023-05-01 07:28:50,N,1,65,97,1,0.79,6.5,0.0,0.5,0.0,0.0,-,1.0,8.0,2,1,0.0
1,2023-05-01 07:23:40,2023-05-01 07:47:17,N,1,41,142,1,3.4,22.6,2.75,1.5,0.0,0.0,-,1.0,26.85,2,1,2.75
2,2023-05-01 07:38:33,2023-05-01 07:49:05,N,1,244,152,1,2.2,13.5,0.0,0.5,3.0,0.0,-,1.0,18.0,1,1,0.0
2,2023-05-01 07:49:47,2023-05-01 08:12:10,N,1,152,163,1,5.16,28.9,0.0,0.5,6.63,0.0,-,1.0,39.78,1,1,2.75
2,2023-05-01 07:02:51,2023-05-01 07:26:37,N,1,41,140,1,2.74,21.9,0.0,0.5,0.02,0.0,-,1.0,26.17,1,1,2.75
2,2023-05-01 07:55:08,2023-05-01 08:01:52,N,1,74,24,1,0.91,7.9,0.0,0.5,0.0,0.0,-,1.0,9.4,2,1,0.0
2,2023-05-01 08:00:31,2023-05-01 08:09:59,N,1,41,151,1,1.69,11.4,0.0,0.5,2.58,0.0,-,1.0,15.48,1,1,0.0
2,2023-05-01 07:21:27,2023-05-01 07:32:16,N,1,74,263,1,2.28,12.8,0.0,0.5,4.26,0.0,-,1.0,21.31,1,1,2.75
2,2023-05-01 07:11:05,2023-05-01 07:22:15,N,1,74,24,1,1.63,12.1,0.0,0.5,2.72,0.0,-,1.0,16.32,1,1,0.0
2,2023-05-01 07:03:17,2023-05-01 07:03:20,N,5,102,102,2,0.04,20.0,0.0,0.0,0.0,0.0,-,1.0,21.0,1,2,0.0
2,2023-05-01 07:04:17,2023-05-01 07:11:48,N,1,41,42,1,1.18,9.3,0.0,0.5,0.0,0.0,-,1.0,10.8,1,1,0.0
2,2023-05-01 07:54:54,2023-05-01 08:03:47,N,1,42,152,1,0.93,9.3,0.0,0.5,0.2,0.0,-,1.0,11.0,1,1,0.0
2,2023-05-01 07:39:18,2023-05-01 07:57:36,N,1,260,70,5,3.06,19.1,0.0,0.5,2.0,0.0,-,1.0,22.6,1,1,0.0
2,2023-05-01 07:51:53,2023-05-01 08:20:57,N,1,42,237,1,4.86,28.9,0.0,0.5,0.0,0.0,-,0.3,32.45,2,1,2.75
2,2023-05-01 07:30:21,2023-05-01 07:59:40,N,1,226,95,5,7.31,35.2,0.0,0.5,0.0,0.0,-,1.0,36.7,2,1,0.0
2,2023-05-01 07:52:07,2023-05-01 08:02:47,N,1,43,74,6,1.66,12.1,0.0,0.5,2.72,0.0,-,1.0,16.32,1,1,0.0
2,2023-05-01 07:15:18,2023-05-01 07:33:18,N,1,130,192,1,4.91,23.3,0.0,0.5,6.2,0.0,-,1.0,31.0,1,1,0.0
2,2023-05-01 07:41:19,2023-05-01 07:47:27,N,1,152,244,1,0.99,8.6,0.0,0.5,0.0,0.0,-,1.0,10.1,2,1,0.0
2,2023-05-01 07:03:50,2023-05-01 07:14:36,N,1,41,74,1,1.49,12.1,0.0,0.5,0.0,0.0,-,1.0,13.6,2,1,0.0
1,2023-05-01 08:06:16,2023-05-01 08:07:45,N,1,145,145,1,1.0,3.7,0.0,1.5,0.0,0.0,-,1.0,5.2,2,1,0.0
2,2023-05-01 08:21:45,2023-05-01 08:32:57,N,1,75,142,1,1.9,12.8,0.0,0.5,3.27,0.0,-,0.3,19.62,1,1,2.75
2,2023-05-01 08:39:51,2023-05-01 08:55:41,N,1,95,192,1,2.65,17.7,0.0,0.5,0.0,0.0,-,1.0,19.2,2,1,0.0
2,2023-05-01 08:27:10,2023-05-01 08:46:21,N,1,97,188,1,3.19,19.8,0.0,0.5,3.0,0.0,-,1.0,24.3,1,1,0.0
2,2023-05-01 08:23:14,2023-05-01 08:39:22,N,1,95,83,5,3.52,19.1,0.0,0.5,0.0,0.0,-,1.0,20.6,2,1,0.0
2,2023-05-01 08:13:30,2023-05-01 08:25:37,N,1,65,181,1,1.1,11.4,0.0,0.5,2.58,0.0,-,1.0,15.48,1,1,0.0
2,2023-05-01 08:32:35,2023-05-01 08:47:05,N,1,95,121,2,2.43,15.6,0.0,0.5,0.0,0.0,-,1.0,17.1,2,1,0.0
2,2023-05-01 08:39:49,2023-05-01 08:54:55,N,1,97,66,1,1.79,14.9,0.0,0.5,1.64,0.0,-,1.0,18.04,1,1,0.0
2,2023-05-01 08:26:43,2023-05-01 08:45:01,N,1,75,237,1,1.82,17.0,0.0,0.5,2.0,0.0,-,1.0,23.25,1,1,2.75
2,2023-05-01 08:23:41,2023-05-01 08:38:47,N,1,223,179,5,1.48,14.2,0.0,0.5,0.0,0.0,-,1.0,15.7,2,1,0.0
1,2023-05-01 08:12:12,2023-05-01 08:25:52,N,1,74,138,1,6.6,26.8,5.0,1.5,4.0,6.55,-,1.0,43.85,1,1,0.0
2,2023-05-01 08:36:52,2023-05-01 08:46:29,N,1,75,263,5,1.35,10.7,0.0,0.5,2.99,0.0,-,1.0,17.94,1,1,2.75
1,2023-05-01 08:12:38,2023-05-01 08:23:09,N,1,74,151,1,1.9,12.1,0.0,1.5,0.0,0.0,-,1.0,13.6,2,1,0.0
1,2023-05-01 08:52:41,2023-05-01 09:06:29,N,1,75,142,1,2.4,15.6,2.75,1.5,2.0,0.0,-,1.0,21.85,1,1,2.75
2,2023-05-01 08:24:27,2023-05-01 08:40:55,N,1,173,226,2,3.26,18.4,0.0,0.5,0.0,0.0,-,1.0,19.9,2,1,0.0
2,2023-05-01 08:04:29,2023-05-01 08:14:12,N,1,166,74,1,0.83,10.0,0.0,0.5,0.0,0.0,-,1.0,11.5,2,1,0.0
2,2023-05-01 08:50:29,2023-05-01 08:56:17,N,1,41,24,1,0.96,7.9,0.0,0.5,2.82,0.0,-,1.0,12.22,1,1,0.0
2,2023-05-01 08:10:38,2023-05-01 08:15:22,N,1,75,24,5,1.58,8.6,0.0,0.5,0.0,0.0,-,1.0,10.1,2,1,0.0
2,2023-05-01 08:39:54,2023-05-01 08:44:25,N,1,75,74,5,1.23,7.9,0.0,0.5,1.88,0.0,-,1.0,11.28,1,1,0.0
2,2023-05-01 08:46:16,2023-05-01 09:01:22,N,1,74,244,5,4.23,21.2,0.0,0.5,5.68,0.0,-,1.0,28.38,1,1,0.0
1,2023-05-01 08:03:36,2023-05-01 08:21:13,N,1,65,225,1,2.6,17.0,0.0,1.5,3.7,0.0,-,1.0,22.2,1,1,0.0
2,2023-05-01 08:20:16,2023-05-01 08:38:10,N,1,166,143,2,2.98,19.1,0.0,0.5,5.84,0.0,-,1.0,29.19,1,1,2.75
2,2023-05-01 08:09:13,2023-05-01 08:32:44,N,1,166,138,1,5.36,29.6,5.0,0.5,10.66,6.55,-,1.0,53.31,1,1,0.0
2,2023-05-01 08:19:59,2023-05-01 08:35:33,N,1,82,138,1,3.68,19.8,5.0,0.5,0.0,0.0,-,1.0,26.3,1,1,0.0
2,2023-05-01 08:10:02,2023-05-01 08:18:18,N,1,75,75,6,1.0,9.3,0.0,0.5,0.0,0.0,-,1.0,10.8,2,1,0.0
2,2023-05-01 08:32:19,2023-05-01 08:40:12,N,1,75,24,6,1.88,10.7,0.0,0.5,2.44,0.0,-,1.0,14.64,1,1,0.0
2,2023-05-01 08:50:29,2023-05-01 08:56:21,N,1,41,42,6,0.93,7.9,0.0,0.5,0.0,0.0,-,1.0,9.4,2,1,0.0
2,2023-05-01 08:22:37,2023-05-01 08:31:22,N,1,24,74,1,1.48,10.7,0.0,0.5,0.0,0.0,-,1.0,12.2,1,1,0.0
2,2023-05-01 09:00:11,2023-05-01 09:19:06,N,1,166,244,1,3.38,19.8,0.0,0.5,5.32,0.0,-,1.0,26.62,1,1,0.0
2,2023-05-01 08:09:12,2023-05-01 08:23:53,N,1,166,142,1,2.6,16.3,0.0,0.5,4.11,0.0,-,1.0,24.66,1,1,2.75
2,2023-05-01 08:00:03,2023-05-01 08:18:19,N,1,75,74,1,2.86,19.1,0.0,0.5,0.0,0.0,-,1.0,20.6,2,1,0.0
2,2023-05-01 08:19:51,2023-05-01 08:31:23,N,1,74,41,1,1.39,10.7,0.0,0.5,2.0,0.0,-,1.0,14.2,1,1,0.0
2,2023-05-01 08:50:24,2023-05-01 09:06:48,N,1,74,166,1,2.0,15.6,0.0,0.5,3.42,0.0,-,1.0,20.52,1,1,0.0
2,2023-05-01 08:56:23,2023-05-01 09:25:13,N,1,244,161,1,7.64,38.7,0.0,0.5,3.0,0.0,-,1.0,45.95,1,1,2.75
2,2023-05-01 08:27:41,2023-05-01 08:35:14,N,1,74,75,1,1.43,9.3,0.0,0.5,2.16,0.0,-,1.0,12.96,1,1,0.0
2,2023-05-01 08:37:14,2023-05-01 08:46:55,N,1,75,239,1,1.96,12.1,0.0,0.5,4.09,0.0,-,1.0,20.44,1,1,2.75
2,2023-05-01 08:27:18,2023-05-01 08:35:40,N,1,263,75,1,1.22,10.0,0.0,0.5,0.0,0.0,-,1.0,11.5,2,1,0.0
2,2023-05-01 08:01:27,2023-05-01 08:15:39,N,1,166,142,1,2.37,16.3,0.0,0.5,0.0,0.0,-,1.0,20.55,2,1,2.75
1,2023-05-01 08:14:09,2023-05-01 08:38:42,N,1,244,237,1,6.9,31.0,2.75,1.5,7.05,0.0,-,1.0,42.3,1,1,2.75
2,2023-05-01 08:49:21,2023-05-01 08:59:08,N,1,66,231,1,2.2,13.5,0.0,0.5,3.55,0.0,-,1.0,21.3,1,1,2.75
2,2023-05-01 08:07:34,2023-05-01 08:25:45,N,1,75,50,1,4.18,23.3,0.0,0.5,2.0,0.0,-,1.0,29.55,1,1,2.75
2,2023-05-01 08:11:27,2023-05-01 08:24:15,N,1,95,130,1,2.43,14.9,0.0,0.5,0.0,0.0,-,1.0,16.4,2,1,0.0
2,2023-05-01 08:31:34,2023-05-01 09:08:24,N,5,41,170,1,6.66,28.0,0.0,0.0,0.0,0.0,-,1.0,31.75,1,2,2.75
2,2023-05-01 08:17:44,2023-05-01 08:25:16,N,1,82,129,1,0.72,7.9,0.0,0.5,0.0,0.0,-,1.0,9.4,2,1,0.0
2,2023-05-01 08:37:44,2023-05-01 08:43:12,N,1,82,173,1,0.62,7.2,0.0,0.5,0.0,0.0,-,1.0,8.7,2,1,0.0
2,2023-05-01 08:03:26,2023-05-01 08:30:59,N,1,166,164,1,6.05,32.4,0.0,0.5,11.0,0.0,-,1.0,47.65,1,1,2.75
2,2023-05-01 08:12:26,2023-05-01 09:35:36,N,1,74,237,1,2.68,17.7,0.0,0.5,0.0,0.0,-,1.0,21.95,2,1,2.75
2,2023-05-01 08:57:56,2023-05-01 09:06:16,N,1,75,41,1,1.51,10.0,0.0,0.5,2.0,0.0,-,1.0,13.5,1,1,0.0
2,2023-05-01 08:02:34,2023-05-01 08:24:15,N,1,66,246,1,4.27,24.7,0.0,0.5,5.79,0.0,-,1.0,34.74,1,1,2.75
2,2023-05-01 08:24:27,2023-05-01 08:32:25,N,1,74,75,1,1.49,10.0,0.0,0.5,2.3,0.0,-,1.0,13.8,1,1,0.0
2,2023-05-01 08:35:43,2023-05-01 08:46:19,N,1,75,141,1,1.39,12.1,0.0,0.5,3.27,0.0,-,1.0,19.62,1,1,2.75
2,2023-05-01 08:50:12,2023-05-01 09:06:07,N,5,82,258,1,3.47,20.0,0.0,0.0,0.0,0.0,-,1.0,21.0,2,2,0.0
2,2023-05-01 08:35:47,2023-05-01 08:44:56,N,1,82,129,1,1.52,10.7,0.0,0.5,5.0,0.0,-,1.0,17.2,1,1,0.0
2,2023-05-01 08:30:00,2023-05-01 08:45:24,N,1,74,138,1,6.58,27.5,5.0,0.5,10.14,6.55,-,1.0,50.69,1,1,0.0
2,2023-05-01 08:35:13,2023-05-01 08:54:58,N,1,260,112,1,4.42,24.0,0.0,0.5,0.0,0.0,-,1.0,25.5,2,1,0.0
2,2023-05-01 08:20:10,2023-05-01 08:40:47,N,1,7,7,1,3.01,19.8,0.0,0.5,0.0,0.0,-,1.0,21.3,2,1,0.0
1,2023-05-01 08:27:31,2023-05-01 08:46:45,N,1,41,243,1,3.5,21.2,0.0,1.5,4.5,0.0,-,1.0,27.2,1,1,0.0
2,2023-05-01 08:58:12,2023-05-01 09:04:52,N,1,41,41,6,0.92,7.9,0.0,0.5,0.0,0.0,-,1.0,9.4,2,1,0.0
2,2023-05-01 08:24:15,2023-05-01 08:32:37,N,1,166,43,1,1.15,9.3,0.0,0.5,3.2,0.0,-,1.0,14.0,1,1,0.0
2,2023-05-01 08:21:06,2023-05-01 08:46:02,N,1,41,138,1,7.34,35.2,5.0,0.5,12.06,6.55,-,1.0,60.31,1,1,0.0
2,2023-05-01 08:15:36,2023-05-01 08:32:36,N,1,166,238,1,1.81,16.3,0.0,0.5,3.56,0.0,-,1.0,21.36,1,1,0.0
2,2023-05-01 08:59:08,2023-05-01 09:22:44,N,1,75,48,2,5.27,28.2,0.0,0.5,6.49,0.0,-,1.0,38.94,1,1,2.75
1,2023-05-01 08:27:06,2023-05-01 09:01:23,N,1,65,138,4,10.6,43.6,5.0,1.5,10.0,0.0,-,1.0,60.1,1,1,0.0
2,2023-05-01 08:32:23,2023-05-01 09:12:17,N,1,75,75,1,3.56,33.8,0.0,0.5,8.82,0.0,-,1.0,44.12,1,1,0.0
2,2023-05-01 08:16:13,2023-05-01 08:20:16,N,1,75,74,1,0.8,6.5,0.0,0.5,0.0,0.0,-,1.0,8.0,2,1,0.0
2,2023-05-01 08:46:02,2023-05-01 08:59:29,N,1,41,75,1,1.87,12.8,0.0,0.5,0.0,0.0,-,1.0,14.3,2,1,0.0
2,2023-05-01 08:51:04,2023-05-01 09:00:13,N,1,95,135,1,1.74,11.4,0.0,0.5,1.8,0.0,-,1.0,14.7,1,1,0.0
2,2023-05-01 08:57:36,2023-05-01 09:07:39,N,1,65,66,1,1.2,10.7,0.0,0.5,2.44,0.0,-,1.0,14.64,1,1,0.0
2,2023-05-01 08:37:51,2023-05-01 08:58:52,N,1,130,92,1,5.07,28.2,0.0,0.5,7.42,0.0,-,1.0,37.12,1,1,0.0
1,2023-05-01 08:07:59,2023-05-01 08:23:55,N,1,74,244,1,3.0,17.7,0.0,1.5,3.0,0.0,-,1.0,22.2,1,1,0.0
1,2023-05-01 08:42:53,2023-05-01 09:00:31,N,1,41,142,1,2.8,18.4,2.75,1.5,0.0,0.0,-,1.0,22.65,2,1,2.75
2,2023-05-01 08:02:56,2023-05-01 08:12:38,N,1,65,181,1,1.23,10.7,0.0,0.5,3.05,0.0,-,1.0,15.25,1,1,0.0
2,2023-05-01 08:40:38,2023-05-01 08:49:11,N,1,97,97,1,1.16,10.0,0.0,0.5,2.88,0.0,-,1.0,14.38,1,1,0.0
2,2023-05-01 08:32:13,2023-05-01 08:59:53,N,1,82,171,2,7.34,35.2,0.0,0.5,0.0,0.0,-,1.0,36.7,2,1,0.0
2,2023-05-01 08:12:23,2023-05-01 08:39:49,N,1,74,143,2,4.03,26.1,0.0,0.5,2.0,0.0,-,1.0,32.35,1,1,2.75
2,2023-05-01 08:58:27,2023-05-01 09:09:57,N,1,95,95,1,1.03,11.4,0.0,0.5,0.0,0.0,-,1.0,12.9,2,1,0.0
2,2023-05-01 08:15:57,2023-05-01 08:42:23,N,1,116,142,1,4.09,26.8,0.0,0.5,5.0,0.0,-,1.0,36.05,1,1,2.75
2,2023-05-01 08:57:17,2023-05-01 09:05:37,N,1,166,238,1,1.78,11.4,0.0,0.5,3.13,0.0,-,1.0,18.78,1,1,2.75
2,2023-05-01 08:21:50,2023-05-01 08:30:55,N,1,42,75,1,2.88,14.2,0.0,0.5,0.0,0.0,-,1.0,15.7,1,1,0.0
2,2023-05-01 08:38:26,2023-05-01 08:50:48,N,1,74,41,1,1.56,12.8,0.0,0.5,0.0,0.0,-,1.0,14.3,1,1,0.0
2,2023-05-01 08:03:46,2023-05-01 08:08:41,N,1,116,116,1,0.53,6.5,0.0,0.5,0.0,0.0,-,1.0,8.0,2,1,0.0
2,2023-05-01 08:13:04,2023-05-01 08:21:02,N,1,74,75,1,1.46,10.0,0.0,0.5,2.3,0.0,-,1.0,13.8,1,1,0.0
2,2023-05-01 08:40:42,2023-05-01 08:53:46,N,1,166,43,2,2.24,14.9,0.0,0.5,4.79,0.0,-,1.0,23.94,1,1,2.75
2,2023-05-01 08:24:34,2023-05-01 08:36:23,N,1,95,197,1,2.38,14.2,0.0,0.5,0.0,0.0,-,1.0,15.7,2,1,0.0
2,2023-05-01 08:04:11,2023-05-01 08:11:44,N,1,95,95,1,1.09,9.3,0.0,0.5,0.0,0.0,-,1.0,10.8,2,1,0.0
2,2023-05-01 08:25:36,2023-05-01 08:39:25,N,1,95,95,1,1.19,13.5,0.0,0.5,0.0,0.0,-,1.0,15.0,2,1,0.0
2,2023-05-01 08:06:17,2023-05-01 08:24:14,N,1,74,237,1,2.78,18.4,0.0,0.5,1.5,0.0,-,1.0,24.15,1,1,2.75
2,2023-05-01 08:25:30,2023-05-01 08:40:36,N,1,74,138,1,6.65,28.2,5.0,0.5,8.25,6.55,-,1.0,49.5,1,1,0.0
2,2023-05-01 08:02:20,2023-05-01 08:28:01,N,1,43,161,2,2.49,22.6,0.0,0.5,3.08,0.0,-,1.0,29.93,1,1,2.75
2,2023-05-01 08:43:21,2023-05-01 08:55:05,N,1,95,93,3,3.55,16.3,0.0,0.5,3.56,0.0,-,1.0,21.36,1,1,0.0
2,2023-05-01 08:44:48,2023-05-01 08:52:54,N,1,43,263,1,1.16,9.3,0.0,0.5,2.71,0.0,-,1.0,16.26,1,1,2.75
2,2023-05-01 08:37:55,2023-05-01 08:47:07,N,1,70,138,1,2.39,12.8,5.0,0.5,3.86,0.0,-,1.0,23.16,1,1,0.0
2,2023-05-01 08:25:14,2023-05-01 08:39:34,N,1,74,138,1,6.59,28.2,5.0,0.5,10.31,6.55,-,1.0,51.56,1,1,0.0
2,2023-05-01 08:55:10,2023-05-01 09:06:40,N,1,74,166,1,1.66,12.1,0.0,0.5,3.4,0.0,-,1.0,17.0,1,1,0.0
2,2023-05-01 08:25:25,2023-05-01 08:34:20,N,1,41,74,1,1.49,10.7,0.0,0.5,0.0,0.0,-,1.0,12.2,2,1,0.0
2,2023-05-01 08:10:09,2023-05-01 08:45:07,N,1,75,79,1,4.5,31.7,0.0,0.5,2.0,0.0,-,1.0,37.95,1,1,2.75
2,2023-05-01 08:42:18,2023-05-01 08:51:30,N,1,74,236,2,1.68,10.7,0.0,0.5,2.99,0.0,-,1.0,17.94,1,1,2.75
2,2023-05-01 08:53:45,2023-05-01 09:13:45,N,1,236,140,2,1.87,18.4,0.0,0.5,2.0,0.0,-,1.0,24.65,1,1,2.75
2,2023-05-01 08:55:48,2023-05-01 09:13:12,N,1,41,237,1,2.27,17.0,0.0,0.5,4.25,0.0,-,1.0,25.5,1,1,2.75
2,2023-05-01 08:17:16,2023-05-01 08:34:21,N,1,75,138,1,7.86,31.7,5.0,0.5,8.95,6.55,-,1.0,53.7,1,1,0.0
2,2023-05-01 08:08:26,2023-05-01 08:11:25,N,1,74,74,1,0.44,5.1,0.0,0.5,0.0,0.0,-,1.0,6.6,2,1,0.0
2,2023-05-01 08:25:24,2023-05-01 08:41:14,N,1,74,138,1,6.71,28.2,5.0,0.5,8.25,6.55,-,1.0,49.5,1,1,0.0
2,2023-05-01 08:01:21,2023-05-01 08:07:16,N,1,75,74,1,1.32,8.6,0.0,0.5,0.0,0.0,-,1.0,10.1,2,1,0.0
2,2023-05-01 08:16:36,2023-05-01 08:20:09,N,1,74,74,1,0.82,5.8,0.0,0.5,0.0,0.0,-,1.0,7.3,2,1,0.0
2,2023-05-01 08:21:31,2023-05-01 08:39:37,N,1,75,141,1,3.25,21.2,0.0,0.5,5.09,0.0,-,1.0,30.54,1,1,2.75
1,2023-05-01 08:28:51,2023-05-01 08:37:18,N,1,166,43,1,1.8,11.4,0.0,1.5,0.0,0.0,-,1.0,12.9,2,1,0.0
1,2023-05-01 08:39:45,2023-05-01 08:46:16,N,1,75,238,2,1.1,8.6,0.0,1.5,0.0,0.0,-,1.0,10.1,2,1,0.0
2,2023-05-01 08:05:33,2023-05-01 08:12:13,N,1,92,171,1,0.65,7.9,0.0,0.5,0.0,0.0,-,1.0,9.4,2,1,0.0
1,2023-05-01 08:26:50,2023-05-01 08:40:19,N,1,166,244,1,2.5,15.6,0.0,1.5,0.0,0.0,-,1.0,17.1,2,1,0.0
2,2023-05-01 09:00:32,2023-05-01 09:31:49,N,1,244,237,2,8.35,39.4,0.0,0.5,0.0,0.0,-,1.0,43.65,2,1,2.75
2,2023-05-01 08:14:20,2023-05-01 08:21:00,N,1,193,179,1,1.07,7.9,0.0,0.5,0.0,0.0,-,1.0,9.4,2,1,0.0
2,2023-05-01 08:48:52,2023-05-01 08:53:02,N,1,7,7,1,0.81,6.5,0.0,0.5,0.0,0.0,-,1.0,8.0,2,1,0.0
2,2023-05-01 08:25:38,2023-05-01 08:37:59,N,1,41,43,1,2.12,13.5,0.0,0.5,3.41,0.0,-,0.3,20.46,1,1,2.75
2,2023-05-01 08:53:33,2023-05-01 09:04:52,N,1,41,151,1,1.65,12.1,0.0,0.5,0.0,0.0,-,0.3,12.9,1,1,0.0
2,2023-05-01 08:42:43,2023-05-01 09:03:33,N,1,166,48,1,3.29,21.9,0.0,0.5,1.5,0.0,-,1.0,27.65,1,1,2.75
2,2023-05-01 08:57:36,2023-05-01 09:11:25,N,1,75,237,1,2.14,14.2,0.0,0.5,0.0,0.0,-,1.0,18.45,2,1,2.75
1,2023-05-01 08:05:46,2023-05-01 08:23:09,N,1,116,69,1,2.4,17.7,0.0,1.5,0.0,0.0,-,1.0,19.2,2,1,0.0
2,2023-05-01 08:44:48,2023-05-01 08:54:18,N,1,166,239,1,2.18,12.8,0.0,0.5,0.0,0.0,-,1.0,17.05,2,1,2.75
2,2023-05-01 08:29:10,2023-05-01 08:34:56,N,1,41,74,1,0.94,7.9,0.0,0.5,2.35,0.0,-,1.0,11.75,1,1,0.0
2,2023-05-01 08:48:00,2023-05-01 09:19:05,N,1,41,137,1,6.12,33.1,0.0,0.5,0.0,0.0,-,1.0,37.35,2,1,2.75
2,2023-05-01 08:38:20,2023-05-01 08:48:42,N,1,41,166,1,1.67,12.1,0.0,0.5,2.22,0.0,-,1.0,15.82,1,1,0.0
1,2023-05-01 08:21:49,2023-05-01 08:49:58,N,5,244,161,1,7.5,30.0,0.0,0.0,0.0,0.0,-,0.0,30.0,2,2,0.0
2,2023-05-01 08:11:39,2023-05-01 08:23:55,N,1,74,75,1,1.53,12.1,0.0,0.5,0.0,0.0,-,1.0,13.6,2,1,0.0
2,2023-05-01 08:03:17,2023-05-01 08:15:11,N,1,130,130,1,1.57,12.8,0.0,0.5,0.0,0.0,-,1.0,14.3,2,1,0.0
2,2023-05-01 08:24:48,2023-05-01 08:36:27,N,1,74,166,1,1.69,12.8,0.0,0.5,2.86,0.0,-,1.0,17.16,1,1,0.0
2,2023-05-01 08:56:28,2023-05-01 09:02:13,N,1,74,75,1,1.21,8.6,0.0,0.5,2.02,0.0,-,1.0,12.12,1,1,0.0
2,2023-05-01 08:59:14,2023-05-01 09:21:46,N,1,95,10,1,4.84,27.5,0.0,0.5,0.0,0.0,-,1.0,29.0,2,1,0.0
2,2023-05-01 08:16:45,2023-05-01 08:21:44,N,1,74,42,1,0.79,6.5,0.0,0.5,0.0,0.0,-,1.0,8.0,2,1,0.0
2,2023-05-01 08:40:28,2023-05-01 08:51:28,N,1,74,166,1,1.7,12.1,0.0,0.5,2.72,0.0,-,1.0,16.32,1,1,0.0
2,2023-05-01 08:19:25,2023-05-01 08:23:49,N,1,42,42,1,0.64,6.5,0.0,0.5,0.0,0.0,-,1.0,8.0,2,1,0.0
2,2023-05-01 08:53:43,2023-05-01 09:16:28,N,1,42,235,1,4.62,24.7,0.0,0.5,0.0,0.0,-,1.0,26.2,1,1,0.0
2,2023-05-01 08:10:00,2023-05-01 08:21:31,N,1,75,236,1,1.53,12.1,0.0,0.5,0.0,0.0,-,1.0,16.35,2,1,2.75
2,2023-05-01 08:53:22,2023-05-01 08:56:46,N,1,43,236,6,0.67,5.8,0.0,0.5,3.02,0.0,-,1.0,13.07,1,1,2.75
2,2023-05-01 08:54:02,2023-05-01 09:14:40,N,1,152,161,1,5.98,28.9,0.0,0.5,0.0,0.0,-,1.0,33.15,2,1,2.75
2,2023-05-01 08:54:14,2023-05-01 09:02:23,N,1,7,226,1,0.92,9.3,0.0,0.5,0.0,0.0,-,1.0,10.8,2,1,0.0
2,2023-05-01 09:36:47,2023-05-01 09:39:48,N,1,7,7,1,0.32,5.1,0.0,0.5,0.0,0.0,-,1.0,6.6,2,1,0.0
2,2023-05-01 10:00:13,2023-05-01 10:10:03,N,1,95,95,1,1.19,10.7,0.0,0.5,0.0,0.0,-,1.0,12.2,2,1,0.0
2,2023-05-01 09:41:22,2023-05-01 09:52:42,N,1,97,17,1,2.0,12.8,0.0,0.5,0.0,0.0,-,1.0,14.3,1,1,0.0
1,2023-05-01 09:43:51,2023-05-01 10:00:40,N,1,196,134,1,2.8,17.7,0.0,1.5,0.0,0.0,-,1.0,19.2,2,1,0.0
2,2023-05-01 09:37:53,2023-05-01 09:52:01,N,1,166,74,1,2.23,14.2,0.0,0.5,1.0,0.0,-,1.0,16.7,1,1,0.0
2,2023-05-01 09:20:08,2023-05-01 09:26:59,N,1,33,40,1,0.99,7.9,0.0,0.5,0.0,0.0,-,1.0,9.4,2,1,0.0
2,2023-05-01 09:12:55,2023-05-01 09:20:44,N,1,74,238,1,1.79,10.0,0.0,0.5,0.0,0.0,-,1.0,11.5,2,1,0.0
2,2023-05-01 09:46:02,2023-05-01 09:53:26,N,1,75,75,1,0.97,8.6,0.0,0.5,2.02,0.0,-,1.0,12.12,1,1,0.0
2,2023-05-01 09:55:07,2023-05-01 10:23:06,N,1,43,107,1,5.22,29.6,0.0,0.5,3.38,0.0,-,1.0,37.23,1,1,2.75
2,2023-05-01 09:20:41,2023-05-01 09:29:35,N,1,95,28,5,1.89,12.1,0.0,0.5,0.0,0.0,-,1.0,13.6,2,1,0.0
2,2023-05-01 09:01:18,2023-05-01 09:24:27,N,1,97,61,1,3.48,21.9,0.0,0.5,4.68,0.0,-,1.0,28.08,1,1,0.0
2,2023-05-01 09:11:39,2023-05-01 09:23:01,N,1,74,166,1,1.36,12.1,0.0,0.5,3.4,0.0,-,1.0,17.0,1,1,0.0
2,2023-05-01 09:50:29,2023-05-01 10:13:00,N,1,95,132,2,7.32,33.1,0.0,0.5,6.92,0.0,-,1.0,41.52,1,1,0.0
2,2023-05-01 09:10:12,2023-05-01 09:24:36,N,1,130,205,1,2.68,15.6,0.0,0.5,3.42,0.0,-,1.0,20.52,1,1,0.0
2,2023-05-01 09:02:18,2023-05-01 09:13:08,N,1,75,263,1,1.22,10.7,0.0,0.5,0.0,0.0,-,0.3,14.25,2,1,2.75
2,2023-05-01 09:22:07,2023-05-01 09:41:12,N,1,24,243,1,5.75,26.8,0.0,0.5,5.5,0.0,-,1.0,33.8,1,1,0.0
2,2023-05-01 09:48:04,2023-05-01 10:00:24,N,1,166,143,3,2.07,14.2,0.0,0.5,3.55,0.0,-,0.3,21.3,1,1,2.75
1,2023-05-01 09:34:29,2023-05-01 09:44:42,N,1,74,236,1,2.0,10.7,2.75,1.5,2.95,0.0,-,1.0,17.9,1,1,2.75
1,2023-05-01 09:52:02,2023-05-01 10:07:42,N,1,75,262,1,2.4,12.8,2.75,1.5,3.4,0.0,-,1.0,20.45,1,1,2.75
2,2023-05-01 09:15:19,2023-05-01 10:08:46,N,1,75,217,1,10.16,53.4,0.0,0.5,0.0,0.0,-,1.0,57.65,2,1,2.75
2,2023-05-01 09:01:31,2023-05-01 09:10:08,N,1,97,49,2,1.21,9.3,0.0,0.5,2.7,0.0,-,1.0,13.5,1,1,0.0
2,2023-05-01 09:27:06,2023-05-01 09:44:03,N,1,97,61,2,2.15,16.3,0.0,0.5,2.0,0.0,-,1.0,19.8,1,1,0.0
2,2023-05-01 09:48:56,2023-05-01 09:58:07,N,1,61,61,2,1.41,10.7,0.0,0.5,0.0,0.0,-,1.0,12.2,2,1,0.0
2,2023-05-01 09:07:23,2023-05-01 09:18:42,N,1,41,74,1,0.79,10.7,0.0,0.5,2.44,0.0,-,1.0,14.64,1,1,0.0
2,2023-05-01 09:36:26,2023-05-01 09:42:25,N,1,41,24,1,0.96,7.9,0.0,0.5,0.0,0.0,-,1.0,9.4,2,1,0.0
1,2023-05-01 09:10:58,2023-05-01 09:24:56,N,1,97,217,2,2.3,16.3,0.0,1.5,1.0,0.0,-,1.0,18.8,1,1,0.0
1,2023-05-01 09:48:55,2023-05-01 10:16:55,N,1,65,14,1,7.6,37.3,0.0,1.5,3.0,0.0,-,1.0,41.8,1,1,0.0
2,2023-05-01 09:17:15,2023-05-01 09:28:06,N,1,244,247,2,1.89,13.5,0.0,0.5,5.0,0.0,-,1.0,20.0,1,1,0.0
2,2023-05-01 09:50:50,2023-05-01 10:05:45,N,1,82,138,1,3.66,19.1,5.0,0.5,5.12,0.0,-,1.0,30.72,1,1,0.0
2,2023-05-01 09:05:16,2023-05-01 09:11:48,N,1,74,74,6,1.0,7.9,0.0,0.5,2.35,0.0,-,1.0,11.75,1,1,0.0
2,2023-05-01 09:28:11,2023-05-01 09:33:41,N,1,74,75,6,1.44,8.6,0.0,0.5,2.02,0.0,-,1.0,12.12,1,1,0.0
2,2023-05-01 09:58:46,2023-05-01 10:20:11,N,1,130,98,1,6.6,31.7,0.0,0.5,6.64,0.0,-,1.0,39.84,1,1,0.0
2,2023-05-01 09:42:25,2023-05-01 09:57:24,N,1,168,69,1,1.78,14.2,0.0,0.5,0.0,0.0,-,1.0,15.7,2,1,0.0
2,2023-05-01 09:16:37,2023-05-01 09:38:56,N,1,43,161,1,2.64,20.5,0.0,0.5,4.95,0.0,-,1.0,29.7,1,1,2.75
1,2023-05-01 09:23:14,2023-05-01 09:30:45,N,1,75,236,1,1.2,7.9,2.75,1.5,0.0,0.0,-,1.0,12.15,2,1,2.75
1,2023-05-01 09:48:20,2023-05-01 09:56:26,N,1,75,236,1,0.9,7.9,2.75,1.5,0.0,0.0,-,1.0,12.15,2,1,2.75
2,2023-05-01 09:59:20,2023-05-01 10:20:30,N,5,134,19,1,6.55,28.0,0.0,0.0,1.0,0.0,-,1.0,30.0,1,2,0.0
2,2023-05-01 09:15:18,2023-05-01 09:26:17,N,1,166,42,1,1.78,12.1,0.0,0.5,0.0,0.0,-,1.0,13.6,2,1,0.0
2,2023-05-01 08:57:12,2023-05-01 09:30:39,N,1,75,186,1,3.69,28.2,0.0,0.5,3.24,0.0,-,1.0,35.69,1,1,2.75
2,2023-05-01 09:46:48,2023-05-01 10:05:46,N,1,196,129,1,2.31,17.7,0.0,0.5,1.0,0.0,-,1.0,20.2,1,1,0.0
2,2023-05-01 09:35:40,2023-05-01 09:49:04,N,1,74,238,1,2.48,14.9,0.0,0.5,3.83,0.0,-,1.0,22.98,1,1,2.75
2,2023-05-01 09:24:17,2023-05-01 09:39:12,N,1,95,138,1,5.29,24.0,5.0,0.5,9.15,0.0,-,1.0,39.65,1,1,0.0
2,2023-05-01 09:06:33,2023-05-01 09:20:55,N,1,75,140,6,1.92,14.9,0.0,0.5,0.0,0.0,-,1.0,19.15,2,1,2.75
2,2023-05-01 09:36:26,2023-05-01 09:55:32,N,1,75,162,6,2.65,19.1,0.0,0.5,4.67,0.0,-,1.0,28.02,1,1,2.75
2,2023-05-01 09:14:40,2023-05-01 09:40:54,N,1,95,226,1,5.31,28.9,0.0,0.5,9.12,0.0,-,1.0,39.52,1,1,0.0
2,2023-05-01 09:05:52,2023-05-01 09:17:26,N,1,196,82,1,0.64,10.7,0.0,0.5,0.0,0.0,-,1.0,12.2,2,1,0.0
2,2023-05-01 09:45:55,2023-05-01 09:57:46,N,1,82,82,1,1.26,12.1,0.0,0.5,0.0,0.0,-,1.0,13.6,2,1,0.0
2,2023-05-01 09:05:20,2023-05-01 09:15:28,N,1,66,261,1,2.41,13.5,0.0,0.5,0.0,0.0,-,1.0,17.75,2,1,2.75
2,2023-05-01 09:16:01,2023-05-01 09:41:48,N,1,75,170,1,3.56,24.0,0.0,0.5,5.65,0.0,-,1.0,33.9,1,1,2.75
2,2023-05-01 09:46:06,2023-05-01 10:10:51,N,1,75,161,1,3.09,22.6,0.0,0.5,5.37,0.0,-,1.0,32.22,1,1,2.75
2,2023-05-01 09:24:54,2023-05-01 09:31:51,N,1,95,95,1,0.77,7.9,0.0,0.5,0.0,0.0,-,1.0,9.4,2,1,0.0
1,2023-05-01 09:15:24,2023-05-01 09:29:17,N,1,41,263,1,2.4,14.9,2.75,1.5,3.8,0.0,-,1.0,22.95,1,1,2.75
1,2023-05-01 09:37:18,2023-05-01 09:52:31,N,1,75,41,1,2.3,15.6,0.0,1.5,0.0,0.0,-,1.0,17.1,2,1,0.0
2,2023-05-01 09:21:42,2023-05-01 09:39:26,N,1,7,260,1,2.26,17.0,0.0,0.5,0.0,0.0,-,0.3,17.8,2,1,0.0
2,2023-05-01 09:38:06,2023-05-01 09:42:45,N,1,166,166,1,0.44,5.8,0.0,0.5,0.0,0.0,-,1.0,7.3,2,1,0.0
2,2023-05-01 09:47:51,2023-05-01 10:02:37,N,1,166,42,1,2.14,14.2,0.0,0.5,0.0,0.0,-,1.0,15.7,1,1,0.0
2,2023-05-01 09:27:39,2023-05-01 09:44:24,N,1,243,31,1,6.63,28.2,0.0,0.5,5.0,0.0,-,1.0,34.7,1,1,0.0
1,2023-05-01 09:41:28,2023-05-01 09:57:01,N,1,74,262,1,2.5,16.3,2.75,1.5,3.08,0.0,-,1.0,23.63,1,1,2.75
2,2023-05-01 09:07:47,2023-05-01 09:14:33,N,1,75,75,1,1.29,8.6,0.0,0.5,2.52,0.0,-,1.0,12.62,1,1,0.0
2,2023-05-01 09:49:14,2023-05-01 10:04:17,N,1,75,237,1,2.23,14.9,0.0,0.5,3.5,0.0,-,1.0,22.65,1,1,2.75
2,2023-05-01 04:29:23,2023-05-01 04:54:35,N,1,74,237,1,3.17,23.3,0.0,0.5,5.51,0.0,-,1.0,33.06,1,1,2.75
2,2023-05-01 09:02:24,2023-05-01 09:11:10,N,1,43,74,1,0.92,9.3,0.0,0.5,0.0,0.0,-,1.0,10.8,2,1,0.0
2,2023-05-01 09:29:56,2023-05-01 09:36:48,N,1,75,74,1,1.07,8.6,0.0,0.5,0.0,0.0,-,1.0,10.1,2,1,0.0
2,2023-05-01 09:42:28,2023-05-01 09:54:15,N,1,74,75,1,1.08,10.7,0.0,0.5,0.0,0.0,-,1.0,12.2,1,1,0.0
2,2023-05-01 09:50:13,2023-05-01 10:17:29,N,1,196,92,1,5.03,29.6,0.0,0.5,0.0,0.0,-,1.0,31.1,2,1,0.0
2,2023-05-01 09:41:53,2023-05-01 09:46:44,N,1,244,244,1,1.21,7.9,0.0,0.5,0.0,0.0,-,1.0,9.4,2,1,0.0
2,2023-05-01 09:16:16,2023-05-01 09:26:23,N,1,41,116,1,2.24,12.8,0.0,0.5,0.0,0.0,-,1.0,14.3,1,1,0.0
2,2023-05-01 09:52:59,2023-05-01 09:59:13,N,1,41,74,1,0.83,7.9,0.0,0.5,0.0,0.0,-,1.0,9.4,2,1,0.0
1,2023-05-01 09:51:58,2023-05-01 09:53:14,N,1,65,25,1,0.2,3.7,0.0,1.5,0.0,0.0,-,1.0,5.2,2,1,0.0
2,2023-05-01 09:54:57,2023-05-01 10:12:15,N,1,43,48,1,2.97,18.4,0.0,0.5,4.53,0.0,-,1.0,27.18,1,1,2.75
2,2023-05-01 09:23:42,2023-05-01 10:05:22,N,1,97,26,1,5.5,36.6,0.0,0.5,2.0,0.0,-,1.0,40.1,1,1,0.0
1,2023-05-01 09:08:35,2023-05-01 09:26:55,N,1,92,121,1,2.9,17.7,0.0,1.5,4.75,0.0,-,1.0,23.95,1,1,0.0
1,2023-05-01 09:25:19,2023-05-01 10:02:59,N,1,166,170,1,5.4,34.5,2.75,1.5,7.75,0.0,-,1.0,46.5,1,1,2.75
2,2023-05-01 09:13:03,2023-05-01 09:25:55,N,1,65,189,1,1.04,12.8,0.0,0.5,3.58,0.0,-,1.0,17.88,1,1,0.0
2,2023-05-01 09:46:36,2023-05-01 09:57:12,N,1,97,66,1,1.35,11.4,0.0,0.5,0.0,0.0,-,1.0,12.9,2,1,0.0
2,2023-05-01 09:31:30,2023-05-01 09:39:33,N,1,74,75,1,1.46,10.0,0.0,0.5,2.0,0.0,-,1.0,13.5,1,1,0.0
2,2023-05-01 09:29:45,2023-05-01 09:47:43,N,1,166,48,1,5.09,25.4,0.0,0.5,8.9,0.0,-,1.0,38.55,1,1,2.75
2,2023-05-01 09:31:41,2023-05-01 09:36:30,N,1,42,74,1,0.6,6.5,0.0,0.5,0.8,0.0,-,1.0,8.8,1,1,0.0
2,2023-05-01 09:48:30,2023-05-01 10:01:18,N,1,75,151,1,1.58,13.5,0.0,0.5,1.0,0.0,-,1.0,16.0,1,1,0.0
2,2023-05-01 08:55:54,2023-05-01 09:17:21,N,1,75,4,1,6.78,30.3,0.0,0.5,0.0,0.0,-,1.0,34.55,2,1,2.75
2,2023-05-01 09:28:16,2023-05-01 09:37:02,N,1,74,166,1,1.83,10.7,0.0,0.5,2.44,0.0,-,1.0,14.64,1,1,0.0
2,2023-05-01 09:41:40,2023-05-01 09:45:24,N,1,24,238,1,0.67,5.8,0.0,0.5,4.0,0.0,-,1.0,11.3,1,1,0.0
2,2023-05-01 09:31:59,2023-05-01 09:38:23,N,1,74,41,1,1.15,7.9,0.0,0.5,0.0,0.0,-,1.0,9.4,2,1,0.0
2,2023-05-01 09:40:08,2023-05-01 09:44:36,N,1,41,74,1,0.92,7.2,0.0,0.5,1.0,0.0,-,1.0,9.7,1,1,0.0
2,2023-05-01 09:25:27,2023-05-01 09:33:22,N,1,41,151,1,1.35,10.0,0.0,0.5,1.0,0.0,-,1.0,12.5,1,1,0.0
2,2023-05-01 09:03:21,2023-05-01 09:10:28,N,1,75,151,1,1.18,9.3,0.0,0.5,2.16,0.0,-,1.0,12.96,1,1,0.0
2,2023-05-01 09:22:44,2023-05-01 09:43:33,N,1,43,143,1,3.08,21.2,0.0,0.5,1.0,0.0,-,1.0,26.45,1,1,2.75
2,2023-05-01 09:04:44,2023-05-01 09:29:23,N,1,75,87,1,8.1,35.9,0.0,0.5,12.04,0.0,-,1.0,52.19,1,1,2.75
2,2023-05-01 09:22:05,2023-05-01 09:34:31,N,1,82,226,1,2.17,13.5,0.0,0.5,0.0,0.0,-,1.0,15.0,2,1,0.0
2,2023-05-01 09:06:03,2023-05-01 09:21:22,N,1,116,75,1,4.09,19.8,0.0,0.5,4.26,0.0,-,1.0,25.56,1,1,0.0
2,2023-05-01 09:44:37,2023-05-01 09:53:33,N,1,236,74,6,1.21,10.0,0.0,0.5,2.88,0.0,-,1.0,14.38,1,1,0.0
2,2023-05-01 09:22:00,2023-05-01 09:33:12,N,1,226,82,1,1.46,11.4,0.0,0.5,0.0,0.0,-,1.0,12.9,2,1,0.0
2,2023-05-01 09:01:12,2023-05-01 09:14:21,N,1,74,42,1,1.93,13.5,0.0,0.5,0.0,0.0,-,1.0,15.0,2,1,0.0
2,2023-05-01 09:43:54,2023-05-01 09:47:41,N,1,33,52,1,0.51,5.8,0.0,0.5,0.0,0.0,-,1.0,7.3,1,1,0.0
2,2023-05-01 09:19:10,2023-05-01 09:20:02,N,1,92,92,1,0.17,3.7,0.0,0.5,0.0,0.0,-,1.0,5.2,2,1,0.0
