VendorID,tpep_pickup_datetime,tpep_dropoff_datetime,passenger_count,trip_distance,RatecodeID,store_and_fwd_flag,PULocationID,DOLocationID,payment_type,fare_amount,extra,mta_tax,tip_amount,tolls_amount,improvement_surcharge,total_amount,congestion_surcharge,Airport_fee
1,2023-04-30 20:42:49,2023-04-30 21:11:18,2,8.1,1,N,138,262,1,35.9,10.25,0.5,9.5,0.0,1,57.15,2.5,1.75
1,2023-04-30 20:56:34,2023-04-30 21:13:39,2,9.1,1,N,138,141,1,35.2,10.25,0.5,10.7,6.55,1,64.2,2.5,1.75
2,2023-04-30 20:00:52,2023-04-30 20:20:12,1,8.21,1,N,138,140,1,33.1,6.0,0.5,2.24,0.0,1,47.09,2.5,1.75
2,2023-04-30 20:50:34,2023-04-30 21:12:09,1,9.05,1,N,138,116,1,38.0,6.0,0.5,10.76,6.55,1,64.56,0.0,1.75
1,2023-04-30 20:13:58,2023-04-30 20:18:10,1,0.7,1,N,161,48,1,6.5,3.5,0.5,2.85,0.0,1,14.35,2.5,0.0
2,2023-04-30 19:48:31,2023-04-30 19:57:35,1,2.38,1,N,249,231,2,12.1,1.0,0.5,0.0,0.0,1,17.1,2.5,0.0
2,2023-04-30 20:28:47,2023-04-30 20:39:33,1,2.92,1,N,114,230,2,14.9,1.0,0.5,0.0,0.0,1,19.9,2.5,0.0
2,2023-04-30 20:18:49,2023-04-30 20:43:41,1,14.29,1,N,138,13,1,54.1,6.0,0.5,12.82,0.0,1,78.67,2.5,1.75
1,2023-04-30 20:52:48,2023-04-30 21:17:35,1,11.3,1,N,132,129,1,45.0,1.0,0.5,6.0,0.0,1,53.5,0.0,0.0
2,2023-04-30 20:55:22,2023-04-30 20:58:20,1,1.19,1,N,230,100,1,7.2,1.0,0.5,2.44,0.0,1,14.64,2.5,0.0
2,2023-04-30 20:28:12,2023-04-30 20:36:09,1,2.3,1,N,170,140,1,12.1,1.0,0.5,2.0,0.0,1,19.1,2.5,0.0
2,2023-04-30 20:04:27,2023-04-30 20:26:38,2,12.81,1,N,138,181,1,49.9,6.0,0.5,17.74,0.0,1,76.89,0.0,1.75
1,2023-04-30 20:07:05,2023-04-30 20:08:45,1,0.6,1,N,107,170,3,4.4,3.5,0.5,0.0,0.0,1,9.4,2.5,0.0
1,2023-04-30 20:30:56,2023-04-30 20:36:33,1,1.9,1,N,162,236,1,10.0,3.5,0.5,2.25,0.0,1,17.25,2.5,0.0
2,2023-04-30 20:47:34,2023-04-30 21:17:55,1,17.45,1,N,132,37,1,67.4,1.0,0.5,13.98,0.0,1,83.88,0.0,0.0
2,2023-04-30 20:53:26,2023-04-30 20:57:47,1,0.6,1,N,186,100,2,5.8,1.0,0.5,0.0,0.0,1,10.8,2.5,0.0
2,2023-04-30 20:34:15,2023-04-30 20:51:43,1,8.73,1,N,70,238,1,35.2,6.0,0.5,16.05,6.55,1,69.55,2.5,1.75
1,2023-04-30 20:15:57,2023-04-30 20:46:34,1,18.2,2,N,132,144,1,70.0,4.25,0.5,10.0,0.0,1,85.75,2.5,1.75
2,2023-04-30 20:44:34,2023-04-30 21:25:25,1,21.17,2,N,132,239,1,70.0,0.0,0.5,16.46,6.55,1,98.76,2.5,1.75
1,2023-04-30 20:13:31,2023-04-30 20:29:06,1,9.1,1,N,138,232,1,34.5,10.25,0.5,9.25,0.0,1,55.5,2.5,1.75
1,2023-04-30 20:34:39,2023-04-30 20:45:59,1,1.6,1,N,148,249,1,10.0,3.5,0.5,3.0,0.0,1,18.0,2.5,0.0
2,2023-04-30 20:07:58,2023-04-30 20:21:31,1,3.24,1,N,186,4,1,17.0,1.0,0.5,5.0,0.0,1,27.0,2.5,0.0
1,2023-04-30 20:45:50,2023-04-30 21:17:48,2,18.5,1,N,132,97,1,70.2,1.0,0.5,0.0,0.0,1,72.7,0.0,0.0
1,2023-04-30 20:19:37,2023-04-30 20:49:42,1,19.1,1,N,132,97,1,70.9,2.75,0.5,10.0,0.0,1,85.15,0.0,1.75
2,2023-04-30 20:46:14,2023-04-30 21:09:19,1,14.73,1,N,138,203,2,54.8,6.0,0.5,0.0,0.0,1,64.05,0.0,1.75
2,2023-04-30 20:24:27,2023-04-30 20:48:51,1,16.46,2,N,132,233,1,70.0,0.0,0.5,0.0,6.55,1,82.3,2.5,1.75
2,2023-04-30 20:02:13,2023-04-30 20:09:26,1,1.73,1,N,48,186,1,10.7,1.0,0.5,0.0,0.0,1,15.7,2.5,0.0
2,2023-04-30 20:10:47,2023-04-30 20:15:01,2,0.61,1,N,186,90,1,6.5,1.0,0.5,0.0,0.0,1,11.5,2.5,0.0
2,2023-04-30 20:30:22,2023-04-30 20:36:54,3,1.06,1,N,249,234,4,8.6,1.0,0.5,0.0,0.0,1,13.6,2.5,0.0
2,2023-04-30 20:13:37,2023-04-30 20:36:14,1,10.29,1,N,138,61,1,42.2,6.0,0.5,10.29,0.0,1,61.74,0.0,1.75
2,2023-04-30 20:33:02,2023-04-30 21:01:04,1,18.58,1,N,132,256,1,68.8,1.0,0.5,14.26,0.0,1,85.56,0.0,0.0
2,2023-04-30 20:11:17,2023-04-30 20:15:46,1,1.3,1,N,246,48,1,7.9,1.0,0.5,2.0,0.0,1,14.9,2.5,0.0
2,2023-04-30 20:16:06,2023-04-30 20:49:43,2,18.52,2,N,132,50,1,70.0,0.0,0.5,10.0,6.55,1,92.3,2.5,1.75
2,2023-04-30 20:50:02,2023-04-30 20:55:05,1,1.65,1,N,50,143,1,9.3,1.0,0.5,2.14,0.0,1,16.44,2.5,0.0
2,2023-04-30 19:59:43,2023-04-30 20:07:57,6,1.61,1,N,68,161,1,10.7,1.0,0.5,3.14,0.0,1,18.84,2.5,0.0
2,2023-04-30 20:50:14,2023-04-30 21:13:03,1,11.02,1,N,138,114,1,44.3,6.0,0.5,5.6,0.0,1,61.65,2.5,1.75
2,2023-04-30 20:51:46,2023-04-30 21:05:46,1,7.94,1,N,70,263,1,31.0,1.0,0.5,5.0,6.55,1,49.3,2.5,1.75
2,2023-04-30 20:17:46,2023-04-30 20:22:08,1,1.08,1,N,246,50,1,7.2,1.0,0.5,2.44,0.0,1,14.64,2.5,0.0
2,2023-04-30 20:06:30,2023-04-30 20:28:28,1,9.5,1,N,138,238,1,39.4,6.0,0.5,11.19,6.55,1,68.89,2.5,1.75
2,2023-04-30 20:55:23,2023-04-30 21:25:40,1,18.82,2,N,132,113,1,70.0,0.0,0.5,8.0,6.55,1,90.3,2.5,1.75
2,2023-04-30 20:46:55,2023-04-30 21:06:09,1,11.23,1,N,138,243,1,42.2,6.0,0.5,14.06,6.55,1,72.06,0.0,1.75
2,2023-04-30 20:45:52,2023-04-30 21:13:11,1,18.96,1,N,132,3,1,70.2,1.0,0.5,15.85,6.55,1,95.1,0.0,0.0
1,2023-04-30 20:13:55,2023-04-30 20:36:55,1,10.8,1,N,138,143,1,42.2,10.25,0.5,12.1,6.55,1,72.6,2.5,1.75
1,2023-04-30 20:52:39,2023-04-30 20:59:19,1,1.5,1,N,249,68,2,9.3,3.5,0.5,0.0,0.0,1,14.3,2.5,0.0
2,2023-04-30 20:00:48,2023-04-30 20:09:57,1,2.25,1,N,237,107,1,12.8,1.0,0.5,3.56,0.0,1,21.36,2.5,0.0
1,2023-04-30 20:22:14,2023-04-30 20:55:35,1,11.7,1,N,132,61,2,49.9,2.75,0.5,0.0,0.0,1,54.15,0.0,1.75
1,2023-04-30 20:38:46,2023-04-30 21:14:23,1,20.3,2,N,132,141,1,70.0,2.5,0.5,16.1,6.55,1,96.65,2.5,0.0
2,2023-04-30 20:37:17,2023-04-30 20:56:06,1,9.29,1,N,138,48,1,36.6,6.0,0.5,0.0,6.55,1,54.9,2.5,1.75
2,2023-04-30 20:55:31,2023-04-30 21:04:28,1,1.55,1,N,107,186,1,10.7,1.0,0.5,4.71,0.0,1,20.41,2.5,0.0
2,2023-04-30 20:42:24,2023-04-30 21:08:54,1,15.06,1,N,138,89,1,56.9,6.0,0.5,8.0,0.0,1,74.15,0.0,1.75
2,2023-04-30 20:23:37,2023-04-30 20:49:42,2,16.15,2,N,132,140,1,70.0,0.0,0.5,5.0,0.0,1,80.75,2.5,1.75
2,2023-04-30 20:19:14,2023-04-30 20:21:16,1,0.49,1,N,142,142,2,5.1,1.0,0.5,0.0,0.0,1,10.1,2.5,0.0
2,2023-04-30 20:17:49,2023-04-30 20:39:11,1,8.98,1,N,132,102,1,35.9,1.0,0.5,5.0,0.0,1,43.4,0.0,0.0
1,2023-04-30 20:03:09,2023-04-30 20:27:30,1,6.2,1,N,100,129,1,30.3,3.5,0.5,5.0,0.0,1,40.3,2.5,0.0
2,2023-04-30 20:38:20,2023-04-30 21:12:28,1,19.09,2,N,132,116,1,70.0,0.0,0.5,15.96,6.55,1,95.76,0.0,1.75
2,2023-04-30 20:36:48,2023-04-30 20:44:53,1,1.56,1,N,142,43,1,10.0,1.0,0.5,0.0,0.0,1,15.0,2.5,0.0
2,2023-04-30 20:23:43,2023-04-30 20:33:08,1,2.19,1,N,163,141,1,12.1,1.0,0.5,3.42,0.0,1,20.52,2.5,0.0
2,2023-04-30 20:47:57,2023-04-30 20:56:01,1,1.87,1,N,170,90,1,10.7,1.0,0.5,3.14,0.0,1,18.84,2.5,0.0
1,2023-04-30 20:12:10,2023-04-30 20:22:43,1,2.7,1,N,249,163,2,13.5,3.5,0.5,0.0,0.0,1,18.5,2.5,0.0
1,2023-04-30 20:45:38,2023-04-30 20:53:43,2,1.7,1,N,107,232,2,10.7,3.5,0.5,0.0,0.0,1,15.7,2.5,0.0
2,2023-04-30 20:24:14,2023-04-30 20:58:14,2,13.26,1,N,132,33,1,54.1,1.0,0.5,11.32,0.0,1,69.67,0.0,1.75
1,2023-04-30 20:57:44,2023-04-30 21:14:50,3,10.4,1,N,138,229,1,40.1,10.25,0.5,5.0,6.55,1,63.4,2.5,1.75
1,2023-04-30 20:02:01,2023-04-30 20:25:59,1,6.3,1,N,161,255,1,30.3,3.5,0.5,0.0,0.0,1,35.3,2.5,0.0
1,2023-04-30 20:51:17,2023-04-30 21:14:20,1,10.7,1,N,138,258,1,43.6,7.75,0.5,0.0,0.0,1,52.85,0.0,1.75
1,2023-04-30 20:21:11,2023-04-30 20:39:53,1,5.1,1,N,107,7,1,23.3,3.5,0.5,2.0,0.0,1,30.3,2.5,0.0
2,2023-04-30 20:07:29,2023-04-30 20:14:30,1,2.37,1,N,141,145,1,12.1,1.0,0.5,3.0,0.0,1,20.1,2.5,0.0
2,2023-04-30 20:35:05,2023-04-30 20:57:22,1,10.78,1,N,138,158,1,42.9,6.0,0.5,14.86,6.55,1,76.06,2.5,1.75
2,2023-04-30 20:27:48,2023-04-30 20:36:20,1,2.96,1,N,249,48,1,13.5,1.0,0.5,3.7,0.0,1,22.2,2.5,0.0
2,2023-04-30 20:53:01,2023-04-30 21:01:03,2,1.61,1,N,107,211,1,10.7,1.0,0.5,3.14,0.0,1,18.84,2.5,0.0
2,2023-04-30 20:30:53,2023-04-30 20:45:29,1,8.45,1,N,138,262,1,33.1,6.0,0.5,10.28,6.55,1,61.68,2.5,1.75
2,2023-04-30 20:51:45,2023-04-30 21:24:38,1,18.65,2,N,132,249,1,70.0,0.0,0.5,14.0,6.55,1,94.55,2.5,0.0
1,2023-04-30 20:12:32,2023-04-30 20:45:31,1,23.9,1,N,132,220,1,86.3,2.75,0.5,5.0,6.55,1,102.1,0.0,1.75
2,2023-04-30 20:06:49,2023-04-30 20:30:41,1,16.13,1,N,138,14,1,60.4,6.0,0.5,16.98,0.0,1,86.63,0.0,1.75
2,2023-04-30 20:52:10,2023-04-30 20:56:53,3,1.09,1,N,48,186,1,7.9,1.0,0.5,2.58,0.0,1,15.48,2.5,0.0
2,2023-04-30 20:57:54,2023-04-30 21:16:29,1,6.03,1,N,148,238,1,26.1,1.0,0.5,6.22,0.0,1,37.32,2.5,0.0
2,2023-04-30 20:08:31,2023-04-30 20:21:39,1,6.77,1,N,138,145,1,27.5,6.0,0.5,3.0,0.0,1,39.75,0.0,1.75
2,2023-04-30 20:53:32,2023-04-30 21:07:04,1,8.06,1,N,138,236,1,32.4,6.0,0.5,9.79,6.55,1,60.49,2.5,1.75
2,2023-04-30 20:16:14,2023-04-30 20:51:29,1,26.43,1,N,132,257,1,95.4,1.0,0.5,19.58,0.0,1,117.48,0.0,0.0
2,2023-04-30 20:30:23,2023-04-30 20:55:48,1,18.73,2,N,132,262,1,70.0,0.0,0.5,16.11,6.55,1,98.41,2.5,1.75
2,2023-04-30 20:29:00,2023-04-30 20:57:36,1,10.94,1,N,132,62,1,45.0,1.0,0.5,3.0,0.0,1,52.25,0.0,1.75
2,2023-04-30 20:30:22,2023-04-30 20:51:47,1,7.28,1,N,146,249,1,32.4,1.0,0.5,3.0,0.0,1,40.4,2.5,0.0
2,2023-04-30 20:32:20,2023-04-30 20:33:59,1,0.62,1,N,231,231,1,5.1,1.0,0.5,3.03,0.0,1,13.13,2.5,0.0
1,2023-04-30 20:06:03,2023-04-30 20:28:16,1,7.6,1,N,246,116,1,33.1,3.5,0.5,7.6,0.0,1,45.7,2.5,0.0
2,2023-04-30 20:04:32,2023-04-30 20:36:09,1,8.06,1,N,186,62,1,38.0,1.0,0.5,8.6,0.0,1,51.6,2.5,0.0
2,2023-04-30 20:45:41,2023-04-30 21:06:10,1,8.1,1,N,132,122,2,34.5,1.0,0.5,0.0,0.0,1,38.75,0.0,1.75
1,2023-04-30 20:18:26,2023-04-30 20:28:42,1,2.5,1,N,237,68,1,13.5,3.5,0.5,3.7,0.0,1,22.2,2.5,0.0
2,2023-04-30 20:36:54,2023-04-30 20:51:03,1,7.02,1,N,236,235,2,27.5,1.0,0.5,0.0,0.0,1,32.5,2.5,0.0
2,2023-04-30 20:17:11,2023-04-30 20:42:05,1,9.16,1,N,138,225,1,39.4,6.0,0.5,9.73,0.0,1,58.38,0.0,1.75
1,2023-04-30 20:19:09,2023-04-30 20:34:26,1,7.9,1,N,138,170,1,31.0,10.25,0.5,5.0,6.55,1,54.3,2.5,1.75
1,2023-04-30 20:08:34,2023-04-30 20:27:25,3,9.0,1,N,138,48,1,36.6,10.25,0.5,10.95,6.55,1,65.85,2.5,1.75
2,2023-04-30 20:25:25,2023-04-30 21:01:42,1,19.38,2,N,132,114,1,70.0,0.0,0.5,14.8,0.0,1,88.8,2.5,0.0
2,2023-04-30 20:17:18,2023-04-30 20:21:30,1,0.71,1,N,162,233,1,6.5,1.0,0.5,4.5,0.0,1,16.0,2.5,0.0
2,2023-04-30 20:42:15,2023-04-30 20:49:06,1,1.08,1,N,163,141,1,8.6,1.0,0.5,2.72,0.0,1,16.32,2.5,0.0
2,2023-04-30 20:21:00,2023-04-30 20:54:46,1,18.19,1,N,70,254,1,68.8,6.0,0.5,5.0,6.55,1,89.6,0.0,1.75
1,2023-04-30 20:56:30,2023-04-30 21:08:54,1,3.7,1,N,138,7,1,17.0,7.75,0.5,5.25,0.0,1,31.5,0.0,1.75
2,2023-04-30 20:13:12,2023-04-30 20:22:26,2,2.19,1,N,229,68,1,12.1,1.0,0.5,3.42,0.0,1,20.52,2.5,0.0
2,2023-04-30 20:11:41,2023-04-30 20:43:49,2,13.26,1,N,132,257,1,53.4,1.0,0.5,8.0,0.0,1,65.65,0.0,1.75
2,2023-04-30 20:46:42,2023-04-30 21:01:35,1,4.09,1,N,107,145,1,20.5,1.0,0.5,6.41,6.55,1,38.46,2.5,0.0
2,2023-04-30 20:06:13,2023-05-01 19:49:47,1,1.5,1,N,249,4,1,11.4,1.0,0.5,0.0,0.0,1,16.4,2.5,0.0
2,2023-04-30 20:33:13,2023-04-30 20:57:13,1,7.9,1,N,148,166,1,32.4,1.0,0.5,7.48,0.0,1,44.88,2.5,0.0
1,2023-04-30 20:00:23,2023-04-30 20:12:51,1,7.1,1,N,138,255,1,28.9,7.75,0.5,7.6,0.0,1,45.75,0.0,1.75
1,2023-04-30 20:36:24,2023-04-30 20:53:06,1,10.5,1,N,138,33,1,40.8,7.75,0.5,10.0,0.0,1,60.05,0.0,1.75
2,2023-04-30 20:31:18,2023-04-30 20:36:19,4,0.81,1,N,113,90,2,7.2,1.0,0.5,0.0,0.0,1,12.2,2.5,0.0
2,2023-04-30 20:14:38,2023-04-30 20:25:15,1,2.59,1,N,238,74,1,14.2,1.0,0.5,3.84,0.0,1,23.04,2.5,0.0
2,2023-04-30 20:43:56,2023-04-30 20:47:26,1,1.07,1,N,229,141,1,6.5,1.0,0.5,2.3,0.0,1,13.8,2.5,0.0
2,2023-04-30 20:50:56,2023-04-30 21:02:17,1,3.91,1,N,234,263,2,17.7,1.0,0.5,0.0,0.0,1,22.7,2.5,0.0
2,2023-04-30 20:05:30,2023-04-30 20:42:19,1,18.3,1,N,132,26,1,72.3,1.0,0.5,0.0,0.0,1,76.55,0.0,1.75
2,2023-04-30 20:35:39,2023-04-30 20:43:26,1,1.46,1,N,186,50,2,10.0,1.0,0.5,0.0,0.0,1,15.0,2.5,0.0
2,2023-04-30 20:59:56,2023-04-30 21:06:37,1,1.18,1,N,48,246,1,9.3,1.0,0.5,2.86,0.0,1,17.16,2.5,0.0
2,2023-04-30 20:46:05,2023-04-30 21:02:52,1,8.9,1,N,138,237,1,34.5,6.0,0.5,10.56,6.55,1,63.36,2.5,1.75
2,2023-04-30 20:47:07,2023-04-30 21:05:56,1,5.05,1,N,48,7,2,24.0,1.0,0.5,0.0,0.0,1,29.0,2.5,0.0
2,2023-04-30 20:05:23,2023-04-30 20:31:46,1,14.0,1,N,132,155,2,55.5,1.0,0.5,0.0,0.0,1,59.75,0.0,1.75
2,2023-04-30 20:44:18,2023-04-30 21:12:02,1,7.86,1,N,163,36,1,35.2,1.0,0.5,8.04,0.0,1,48.24,2.5,0.0
2,2023-04-30 20:41:20,2023-04-30 21:23:56,1,6.92,4,N,132,265,2,32.4,1.0,0.5,0.0,0.0,1,36.65,0.0,1.75
2,2023-04-30 20:56:15,2023-04-30 21:07:17,1,1.88,1,N,137,232,1,12.8,1.0,0.5,0.0,0.0,1,17.8,2.5,0.0
2,2023-04-30 20:04:30,2023-04-30 20:13:29,2,4.94,1,N,132,130,2,19.8,1.0,0.5,0.0,0.0,1,24.05,0.0,1.75
2,2023-04-30 20:13:53,2023-04-30 20:41:50,1,15.96,2,N,130,239,1,70.0,0.0,0.5,15.88,6.55,1,96.43,2.5,0.0
2,2023-04-30 20:02:16,2023-04-30 20:13:18,1,3.26,1,N,137,145,1,15.6,1.0,0.5,3.71,0.0,1,24.31,2.5,0.0
2,2023-04-30 20:23:37,2023-04-30 20:34:29,1,2.5,1,N,229,239,1,13.5,1.0,0.5,3.7,0.0,1,22.2,2.5,0.0
2,2023-04-30 20:35:22,2023-04-30 20:39:10,1,0.75,1,N,246,90,1,5.8,1.0,0.5,2.16,0.0,1,12.96,2.5,0.0
2,2023-04-30 20:43:02,2023-04-30 20:48:44,4,0.92,1,N,90,246,1,7.2,1.0,0.5,2.44,0.0,1,14.64,2.5,0.0
2,2023-04-30 20:22:40,2023-04-30 20:43:33,2,11.6,1,N,132,101,2,44.3,1.0,0.5,0.0,0.0,1,48.55,0.0,1.75
2,2023-04-30 20:15:47,2023-04-30 20:33:57,1,5.69,1,N,163,116,1,24.7,1.0,0.5,2.0,0.0,1,31.7,2.5,0.0
1,2023-04-30 20:03:42,2023-04-30 20:15:16,2,2.3,1,N,161,137,1,13.5,3.5,0.5,3.7,0.0,1,22.2,2.5,0.0
1,2023-04-30 20:32:39,2023-04-30 20:46:33,5,4.0,1,N,162,260,2,18.4,3.5,0.5,0.0,0.0,1,23.4,2.5,0.0
2,2023-04-30 20:19:15,2023-04-30 20:41:20,1,10.83,1,N,164,67,2,42.9,1.0,0.5,0.0,0.0,1,47.9,2.5,0.0
2,2023-04-30 20:11:51,2023-04-30 20:13:49,1,0.49,1,N,262,236,1,4.4,1.0,0.5,2.82,0.0,1,12.22,2.5,0.0
2,2023-04-30 20:25:42,2023-04-30 20:29:14,1,0.5,1,N,163,237,2,5.8,1.0,0.5,0.0,0.0,1,10.8,2.5,0.0
2,2023-04-30 20:35:08,2023-04-30 21:01:05,1,9.13,1,N,163,95,2,39.4,1.0,0.5,0.0,0.0,1,44.4,2.5,0.0
1,2023-04-30 20:30:59,2023-04-30 20:51:38,1,6.9,1,N,249,49,1,29.6,3.5,0.5,0.0,0.0,1,34.6,2.5,0.0
2,2023-04-30 20:58:24,2023-04-30 21:07:34,1,3.9,1,N,132,219,2,17.7,1.0,0.5,0.0,0.0,1,21.95,0.0,1.75
1,2023-04-30 20:42:13,2023-04-30 20:47:05,1,0.9,1,N,144,87,1,7.2,3.5,0.5,1.0,0.0,1,13.2,2.5,0.0
1,2023-04-30 20:58:39,2023-04-30 21:17:01,1,3.8,1,N,231,106,1,21.2,3.5,0.5,5.2,0.0,1,31.4,2.5,0.0
2,2023-04-30 20:11:34,2023-04-30 20:20:23,1,1.12,1,N,43,262,2,10.0,1.0,0.5,0.0,0.0,1,15.0,2.5,0.0
2,2023-04-30 20:19:15,2023-04-30 20:39:52,1,16.19,1,N,132,256,1,60.4,1.0,0.5,12.58,0.0,1,77.23,0.0,1.75
2,2023-04-30 20:26:32,2023-04-30 21:02:34,2,23.13,1,N,132,221,2,86.3,1.0,0.5,0.0,6.55,1,97.1,0.0,1.75
2,2023-04-30 20:33:49,2023-04-30 20:48:24,1,6.91,1,N,70,41,1,28.9,6.0,0.5,8.94,6.55,1,53.64,0.0,1.75
2,2023-04-30 20:03:38,2023-04-30 20:19:23,1,3.59,1,N,234,238,1,19.1,1.0,0.5,3.0,0.0,1,27.1,2.5,0.0
2,2023-04-30 20:27:21,2023-04-30 20:31:45,1,0.92,1,N,142,163,1,6.5,1.0,0.5,2.3,0.0,1,13.8,2.5,0.0
1,2023-04-30 20:06:01,2023-04-30 20:09:37,1,0.7,1,N,263,236,1,6.5,3.5,0.5,2.0,0.0,1,13.5,2.5,0.0
1,2023-04-30 20:13:26,2023-04-30 20:22:34,1,2.1,1,N,263,41,1,12.1,3.5,0.5,3.4,0.0,1,20.5,2.5,0.0
2,2023-04-30 20:19:16,2023-04-30 20:51:35,1,17.67,2,N,132,141,1,70.0,0.0,0.5,7.4,0.0,1,81.4,2.5,0.0
1,2023-04-30 20:18:08,2023-04-30 20:25:28,1,1.4,1,N,164,224,1,8.6,3.5,0.5,2.7,0.0,1,16.3,2.5,0.0
1,2023-04-30 20:28:41,2023-04-30 20:44:16,1,5.8,1,N,224,13,1,24.7,3.5,0.5,8.9,0.0,1,38.6,2.5,0.0
2,2023-04-30 20:58:05,2023-04-30 21:13:38,1,9.2,1,N,138,116,1,35.9,6.0,0.5,9.99,6.55,1,61.69,0.0,1.75
2,2023-04-30 20:18:43,2023-04-30 20:33:00,1,3.18,1,N,239,42,2,17.7,1.0,0.5,0.0,0.0,1,22.7,2.5,0.0
1,2023-04-30 20:05:29,2023-04-30 20:25:30,2,8.5,1,N,138,238,1,33.8,7.75,0.5,9.9,6.55,1,59.5,0.0,1.75
1,2023-04-30 20:40:39,2023-04-30 20:49:16,1,2.4,1,N,50,249,1,11.4,3.5,0.5,3.25,0.0,1,19.65,2.5,0.0
1,2023-04-30 20:57:47,2023-04-30 21:18:27,2,8.9,1,N,90,243,1,35.9,3.5,0.5,8.18,0.0,1,49.08,2.5,0.0
2,2023-04-30 20:59:54,2023-04-30 21:36:36,2,22.48,2,N,132,230,2,70.0,0.0,0.5,0.0,6.55,1,82.3,2.5,1.75
2,2023-04-30 20:45:06,2023-04-30 21:11:55,2,18.26,2,N,132,161,1,70.0,0.0,0.5,16.11,6.55,1,98.41,2.5,1.75
2,2023-04-30 20:31:30,2023-04-30 20:36:17,2,0.86,1,N,114,231,2,7.2,1.0,0.5,0.0,0.0,1,12.2,2.5,0.0
2,2023-04-30 20:30:21,2023-04-30 20:59:03,2,17.29,2,N,132,162,1,70.0,0.0,0.5,15.15,0.0,1,90.9,2.5,1.75
2,2023-04-30 20:50:30,2023-04-30 21:18:46,1,18.85,2,N,132,163,1,70.0,0.0,0.5,12.88,6.55,1,93.43,2.5,0.0
2,2023-04-30 20:04:02,2023-04-30 20:11:09,2,1.68,1,N,237,164,1,10.0,1.0,0.5,3.0,0.0,1,18.0,2.5,0.0
2,2023-04-30 20:20:38,2023-04-30 20:24:56,1,1.45,1,N,233,140,1,8.6,1.0,0.5,0.0,0.0,1,13.6,2.5,0.0
2,2023-04-30 20:51:28,2023-04-30 21:16:47,2,16.79,1,N,138,227,1,63.9,6.0,0.5,5.0,0.0,1,78.15,0.0,1.75
2,2023-04-30 20:48:06,2023-04-30 21:26:23,1,21.41,2,N,132,163,2,70.0,0.0,0.5,0.0,6.55,1,82.3,2.5,1.75
1,2023-04-30 20:35:22,2023-04-30 20:57:16,1,10.0,1,N,132,177,1,40.1,1.0,0.5,8.5,0.0,1,51.1,0.0,0.0
2,2023-04-30 20:15:41,2023-04-30 20:33:39,2,4.99,1,N,43,158,1,23.3,1.0,0.5,7.08,0.0,1,35.38,2.5,0.0
1,2023-04-30 20:44:14,2023-04-30 20:57:45,2,7.8,1,N,138,255,1,31.0,7.75,0.5,7.0,0.0,1,47.25,0.0,1.75
2,2023-04-30 20:56:21,2023-04-30 21:02:05,1,1.42,1,N,186,107,1,8.6,1.0,0.5,2.72,0.0,1,16.32,2.5,0.0
1,2023-04-30 20:28:52,2023-04-30 20:32:13,1,1.1,1,N,164,230,1,6.5,3.5,0.5,2.3,0.0,1,13.8,2.5,0.0
1,2023-04-30 20:32:58,2023-04-30 20:35:58,1,0.2,1,N,230,230,4,3.7,3.5,0.5,0.0,0.0,1,8.7,2.5,0.0
2,2023-04-30 20:14:11,2023-04-30 20:23:55,2,3.83,1,N,148,140,1,16.3,1.0,0.5,1.5,0.0,1,22.8,2.5,0.0
2,2023-04-30 20:48:53,2023-04-30 21:12:26,1,10.91,1,N,138,61,1,43.6,6.0,0.5,10.57,0.0,1,63.42,0.0,1.75
1,2023-04-30 20:05:15,2023-04-30 20:35:42,1,18.6,1,N,132,97,1,70.2,2.75,0.5,5.0,0.0,1,79.45,0.0,1.75
1,2023-04-30 20:26:47,2023-04-30 20:40:07,2,2.2,1,N,48,233,1,13.5,3.5,0.5,5.55,0.0,1,24.05,2.5,0.0
1,2023-04-30 20:53:12,2023-04-30 20:56:54,1,0.5,1,N,79,113,1,5.1,3.5,0.5,2.0,0.0,1,12.1,2.5,0.0
1,2023-04-30 20:59:59,2023-04-30 21:04:51,1,1.3,1,N,114,107,1,7.2,3.5,0.5,2.45,0.0,1,14.65,2.5,0.0
2,2023-04-30 20:15:27,2023-04-30 20:20:26,1,1.85,1,N,48,142,1,9.3,1.0,0.5,2.86,0.0,1,17.16,2.5,0.0
2,2023-04-30 20:40:36,2023-04-30 20:54:03,1,8.34,1,N,138,137,1,32.4,6.0,0.5,9.79,6.55,1,60.49,2.5,1.75
2,2023-04-30 20:15:32,2023-04-30 20:40:26,1,16.51,1,N,132,80,1,62.5,1.0,0.5,13.0,0.0,1,79.75,0.0,1.75
2,2023-04-30 20:21:14,2023-04-30 20:53:00,1,18.5,2,N,132,79,2,70.0,0.0,0.5,0.0,0.0,1,75.75,2.5,1.75
2,2023-04-30 20:02:27,2023-04-30 20:12:44,1,4.51,1,N,70,226,1,19.8,1.0,0.5,2.0,0.0,1,24.3,0.0,0.0
2,2023-04-30 20:44:15,2023-04-30 21:06:10,1,8.89,1,N,138,230,1,37.3,6.0,0.5,5.0,0.0,1,54.05,2.5,1.75
1,2023-04-30 20:00:47,2023-04-30 20:07:42,2,1.8,1,N,142,151,2,10.0,3.5,0.5,0.0,0.0,1,15.0,2.5,0.0
2,2023-04-30 20:41:36,2023-04-30 20:45:56,1,1.24,1,N,138,129,1,7.9,6.0,0.5,3.08,0.0,1,20.23,0.0,1.75
2,2023-04-30 20:57:48,2023-04-30 21:13:05,1,5.71,1,N,138,95,1,25.4,6.0,0.5,4.0,0.0,1,38.65,0.0,1.75
2,2023-04-30 20:10:41,2023-04-30 20:24:17,1,2.51,1,N,140,143,1,15.6,1.0,0.5,5.15,0.0,1,25.75,2.5,0.0
2,2023-04-30 20:47:18,2023-04-30 21:12:34,1,11.18,1,N,138,158,1,46.4,6.0,0.5,11.63,0.0,1,69.78,2.5,1.75
2,2023-04-30 20:32:09,2023-04-30 20:59:54,1,16.39,1,N,132,149,1,63.2,1.0,0.5,4.0,0.0,1,71.45,0.0,1.75
2,2023-04-30 20:17:04,2023-04-30 20:42:45,1,11.63,1,N,138,181,1,47.8,6.0,0.5,17.12,0.0,1,74.17,0.0,1.75
1,2023-04-30 20:38:32,2023-04-30 20:55:54,1,7.3,1,N,138,41,1,31.0,7.75,0.5,9.35,6.55,1,56.15,0.0,1.75
2,2023-04-30 20:43:38,2023-04-30 20:47:28,1,1.37,1,N,237,262,2,7.9,1.0,0.5,0.0,0.0,1,12.9,2.5,0.0
2,2023-04-30 20:56:18,2023-04-30 20:59:41,1,0.65,1,N,237,229,2,5.8,1.0,0.5,0.0,0.0,1,10.8,2.5,0.0
1,2023-04-30 20:37:13,2023-04-30 21:05:02,2,11.5,1,N,138,143,1,48.5,10.25,0.5,10.02,6.55,1,76.82,2.5,1.75
2,2023-04-30 20:14:27,2023-04-30 20:37:30,1,11.21,1,N,138,100,1,44.3,6.0,0.5,12.52,6.55,1,75.12,2.5,1.75
2,2023-04-30 20:56:56,2023-04-30 21:08:12,1,3.25,1,N,230,125,1,15.6,1.0,0.5,0.0,0.0,1,20.6,2.5,0.0
2,2023-04-30 20:03:46,2023-04-30 20:07:32,3,1.38,1,N,211,234,1,7.9,1.0,0.5,2.58,0.0,1,15.48,2.5,0.0
2,2023-04-30 20:17:07,2023-04-30 20:34:20,2,9.94,1,N,138,250,1,38.0,6.0,0.5,10.41,6.55,1,64.21,0.0,1.75
2,2023-04-30 20:13:42,2023-04-30 20:24:18,1,2.35,1,N,107,125,1,13.5,1.0,0.5,0.0,0.0,1,18.5,2.5,0.0
2,2023-04-30 20:40:13,2023-04-30 20:46:34,1,0.79,1,N,125,144,1,7.9,1.0,0.5,1.0,0.0,1,13.9,2.5,0.0
1,2023-04-30 20:18:00,2023-04-30 20:40:17,2,12.0,1,N,138,170,1,46.4,10.25,0.5,11.6,0.0,1,69.75,2.5,1.75
1,2023-04-30 20:49:23,2023-04-30 21:08:04,1,4.6,1,N,79,106,1,22.6,3.5,0.5,5.5,0.0,1,33.1,2.5,0.0
2,2023-04-30 20:46:13,2023-04-30 21:14:34,1,19.03,2,N,132,236,1,70.0,0.0,0.5,8.0,6.55,1,90.3,2.5,1.75
2,2023-04-30 20:16:56,2023-04-30 20:33:53,2,8.89,1,N,138,162,1,34.5,6.0,0.5,10.21,6.55,1,63.01,2.5,1.75
1,2023-04-30 20:45:20,2023-04-30 20:58:46,1,8.8,1,N,138,264,1,33.8,10.25,0.5,3.0,6.55,1,55.1,2.5,1.75
2,2023-04-30 20:20:37,2023-04-30 20:47:43,1,11.26,1,N,138,143,1,45.7,6.0,0.5,12.45,6.55,1,76.45,2.5,1.75
2,2023-04-30 20:53:11,2023-04-30 21:13:20,1,13.76,1,N,50,265,2,52.0,1.0,0.5,0.0,0.0,1,57.0,2.5,0.0
2,2023-04-30 20:40:31,2023-04-30 21:02:40,2,10.03,1,N,138,239,1,40.1,6.0,0.5,11.68,6.55,1,70.08,2.5,1.75
2,2023-04-30 20:04:07,2023-04-30 20:06:53,1,0.68,1,N,107,170,1,5.8,1.0,0.5,1.2,0.0,1,12.0,2.5,0.0
2,2023-04-30 20:08:05,2023-04-30 20:15:14,1,1.73,1,N,170,141,1,10.0,1.0,0.5,3.0,0.0,1,18.0,2.5,0.0
1,2023-04-30 20:39:30,2023-04-30 20:54:12,1,8.9,1,N,138,140,1,34.5,10.25,0.5,10.55,6.55,1,63.35,2.5,1.75
1,2023-04-30 20:25:58,2023-04-30 20:39:46,2,4.1,1,N,114,239,1,18.4,3.5,0.5,3.51,0.0,1,26.91,2.5,0.0
2,2023-04-30 20:42:01,2023-04-30 21:05:33,1,10.34,1,N,138,50,1,42.2,6.0,0.5,18.15,6.55,1,78.65,2.5,1.75
2,2023-04-30 20:44:01,2023-04-30 21:09:16,1,2.03,1,N,68,68,2,22.6,1.0,0.5,0.0,0.0,1,27.6,2.5,0.0
2,2023-04-30 20:39:45,2023-04-30 20:54:59,1,10.36,1,N,138,229,1,39.4,6.0,0.5,11.19,6.55,1,68.89,2.5,1.75
2,2023-04-30 20:05:25,2023-04-30 20:15:42,2,1.89,1,N,234,230,1,12.1,1.0,0.5,3.42,0.0,1,20.52,2.5,0.0
2,2023-04-30 20:27:20,2023-04-30 20:37:42,3,1.17,1,N,230,229,2,10.7,1.0,0.5,0.0,0.0,1,15.7,2.5,0.0
2,2023-04-30 20:17:05,2023-04-30 20:20:39,1,0.91,1,N,50,246,1,6.5,1.0,0.5,1.0,0.0,1,12.5,2.5,0.0
2,2023-04-30 20:24:54,2023-04-30 20:28:48,1,1.24,1,N,246,48,1,7.2,1.0,0.5,2.44,0.0,1,14.64,2.5,0.0
2,2023-04-30 20:35:15,2023-04-30 20:47:16,1,3.2,1,N,48,263,1,16.3,1.0,0.5,4.26,0.0,1,25.56,2.5,0.0
1,2023-04-30 20:28:00,2023-04-30 20:48:44,1,5.2,1,N,132,205,2,24.7,2.75,0.5,0.0,0.0,1,28.95,0.0,1.75
2,2023-04-30 20:52:58,2023-04-30 20:59:22,1,2.26,1,N,138,223,1,12.1,6.0,0.5,0.0,0.0,1,21.35,0.0,1.75
1,2023-04-30 20:54:45,2023-04-30 21:05:44,1,5.1,1,Y,138,95,2,21.9,7.75,0.5,0.0,0.0,1,31.15,0.0,1.75
2,2023-04-30 20:14:36,2023-04-30 20:28:35,1,8.16,1,N,264,264,2,32.4,1.0,0.5,0.0,0.0,1,34.9,0.0,0.0
2,2023-04-30 20:47:04,2023-04-30 21:15:36,2,17.81,2,N,132,229,1,70.0,0.0,0.5,16.11,6.55,1,98.41,2.5,1.75
1,2023-04-30 20:06:36,2023-04-30 20:18:16,2,5.0,1,N,132,205,1,21.9,2.75,0.5,5.2,0.0,1,31.35,0.0,1.75
1,2023-04-30 20:47:43,2023-04-30 21:21:04,2,19.5,2,N,132,231,1,70.0,2.5,0.5,0.0,6.55,1,80.55,2.5,0.0
2,2023-04-30 20:28:48,2023-04-30 20:33:04,1,1.34,1,N,161,164,2,7.9,1.0,0.5,0.0,0.0,1,12.9,2.5,0.0
2,2023-04-30 20:36:10,2023-04-30 20:53:50,1,4.35,1,N,186,262,1,21.9,1.0,0.5,2.08,0.0,1,28.98,2.5,0.0
2,2023-04-30 20:44:54,2023-04-30 21:02:39,4,14.08,1,N,132,150,2,52.7,1.0,0.5,0.0,0.0,1,56.95,0.0,1.75
2,2023-04-30 20:13:01,2023-04-30 20:20:24,1,1.39,1,N,249,90,1,10.0,1.0,0.5,3.0,0.0,1,18.0,2.5,0.0
2,2023-04-30 20:33:31,2023-04-30 20:50:14,1,4.8,1,N,230,260,1,22.6,1.0,0.5,5.52,0.0,1,33.12,2.5,0.0
2,2023-04-30 20:30:15,2023-04-30 20:48:04,1,7.72,1,N,138,134,2,32.4,6.0,0.5,0.0,0.0,1,41.65,0.0,1.75
1,2023-04-30 20:30:12,2023-04-30 20:45:19,1,7.8,1,N,138,145,1,31.0,7.75,0.5,5.0,0.0,1,45.25,0.0,1.75
2,2023-04-30 20:30:57,2023-04-30 20:58:20,1,17.99,2,N,132,113,1,70.0,0.0,0.5,16.11,6.55,1,98.41,2.5,1.75
2,2023-04-30 20:37:07,2023-04-30 20:53:19,2,9.98,1,N,132,19,2,38.7,1.0,0.5,0.0,0.0,1,41.2,0.0,0.0
2,2023-04-30 20:09:25,2023-04-30 20:42:22,1,18.93,2,N,132,249,1,70.0,0.0,0.5,16.46,6.55,1,98.76,2.5,1.75
2,2023-04-30 20:01:30,2023-04-30 20:11:43,1,2.47,1,N,237,151,2,13.5,1.0,0.5,0.0,0.0,1,18.5,2.5,0.0
2,2023-04-30 20:21:22,2023-04-30 20:31:15,1,2.19,1,N,48,137,1,12.1,1.0,0.5,3.42,0.0,1,20.52,2.5,0.0
2,2023-04-30 20:49:48,2023-04-30 20:51:46,1,0.62,1,N,100,186,2,5.1,1.0,0.5,0.0,0.0,1,10.1,2.5,0.0
2,2023-04-30 20:31:43,2023-04-30 20:59:03,3,19.62,2,N,132,140,1,70.0,0.0,0.5,16.11,6.55,1,98.41,2.5,1.75
2,2023-04-30 20:05:46,2023-04-30 20:11:30,1,1.5,1,N,68,143,1,9.3,1.0,0.5,1.0,0.0,1,15.3,2.5,0.0
2,2023-04-30 20:41:09,2023-04-30 20:55:36,1,8.62,1,N,138,107,1,33.8,6.0,0.5,0.0,6.55,1,52.1,2.5,1.75
2,2023-04-30 20:37:16,2023-04-30 20:52:49,5,3.91,1,N,231,162,2,19.1,1.0,0.5,0.0,0.0,1,24.1,2.5,0.0
2,2023-04-30 20:29:56,2023-04-30 20:49:21,1,12.16,1,N,138,261,2,46.4,6.0,0.5,0.0,0.0,1,58.15,2.5,1.75
2,2023-04-30 20:07:11,2023-04-30 20:29:59,1,14.15,1,N,138,222,1,53.4,6.0,0.5,12.18,0.0,1,74.83,0.0,1.75
2,2023-04-30 20:57:03,2023-04-30 21:23:14,1,17.03,2,N,132,170,1,70.0,0.0,0.5,16.11,6.55,1,98.41,2.5,1.75
2,2023-04-30 20:38:01,2023-04-30 20:51:21,2,8.81,1,N,132,95,1,33.8,1.0,0.5,7.26,0.0,1,45.31,0.0,1.75
2,2023-04-30 20:36:58,2023-04-30 20:43:48,1,3.26,1,N,138,223,2,14.2,6.0,0.5,0.0,0.0,1,23.45,0.0,1.75
2,2023-04-30 20:55:30,2023-04-30 21:19:02,1,12.69,1,N,138,87,1,49.2,6.0,0.5,6.1,0.0,1,67.05,2.5,1.75
1,2023-04-30 20:22:33,2023-04-30 20:24:36,2,0.2,1,N,231,211,1,3.7,3.5,0.5,1.0,0.0,1,9.7,2.5,0.0
2,2023-04-30 20:01:49,2023-04-30 20:06:30,1,1.32,1,N,249,231,2,7.9,1.0,0.5,0.0,0.0,1,12.9,2.5,0.0
2,2023-04-30 20:51:18,2023-04-30 21:11:58,1,9.42,1,N,70,68,1,38.7,1.0,0.5,7.54,6.55,1,57.79,2.5,0.0
2,2023-04-30 20:17:35,2023-04-30 20:30:26,2,5.48,1,N,263,79,1,23.3,1.0,0.5,5.66,0.0,1,33.96,2.5,0.0
2,2023-04-30 20:05:23,2023-04-30 20:20:01,1,3.76,1,N,114,141,1,19.1,1.0,0.5,4.82,0.0,1,28.92,2.5,0.0
1,2023-04-30 20:42:49,2023-04-30 20:57:40,1,3.6,1,N,231,49,2,19.1,3.5,0.5,0.0,0.0,1,24.1,2.5,0.0
1,2023-04-30 20:39:08,2023-04-30 21:00:58,1,9.8,1,N,138,68,1,40.1,10.25,0.5,17.5,6.55,1,75.9,2.5,1.75
2,2023-04-30 20:41:51,2023-04-30 21:14:54,1,22.4,2,N,132,87,1,70.0,0.0,0.5,16.11,6.55,1,96.66,2.5,0.0
2,2023-04-30 20:32:22,2023-04-30 20:54:42,1,10.14,1,N,138,17,1,41.5,6.0,0.5,5.0,0.0,1,55.75,0.0,1.75
2,2023-04-30 20:12:00,2023-04-30 20:32:24,1,9.18,1,N,138,48,1,37.3,6.0,0.5,10.77,6.55,1,66.37,2.5,1.75
2,2023-04-30 20:25:47,2023-04-30 20:41:30,1,7.46,4,N,132,265,2,37.3,1.0,0.5,0.0,0.0,1,39.8,0.0,0.0
1,2023-04-30 20:13:00,2023-04-30 20:30:33,1,8.8,1,N,138,161,1,35.2,10.25,0.5,10.7,6.55,1,64.2,2.5,1.75
1,2023-04-30 20:40:24,2023-04-30 20:48:44,1,3.0,1,N,163,74,1,14.2,3.5,0.5,3.8,0.0,1,23.0,2.5,0.0
2,2023-04-30 20:35:56,2023-04-30 21:08:12,1,18.03,2,N,132,48,1,70.0,0.0,0.5,10.0,6.55,1,90.55,2.5,0.0
2,2023-04-30 20:24:42,2023-04-30 20:27:35,1,0.62,1,N,151,238,1,5.1,1.0,0.5,1.0,0.0,1,11.1,2.5,0.0
2,2023-04-30 20:12:59,2023-04-30 20:31:48,1,4.64,1,N,142,42,1,23.3,1.0,0.5,3.11,0.0,1,31.41,2.5,0.0
2,2023-04-30 20:13:40,2023-04-30 20:46:34,1,18.41,2,N,132,230,1,70.0,0.0,0.5,10.0,6.55,1,92.3,2.5,1.75
2,2023-04-30 20:52:02,2023-04-30 20:53:42,1,0.64,1,N,48,50,2,5.1,1.0,0.5,0.0,0.0,1,10.1,2.5,0.0
2,2023-04-30 20:08:38,2023-04-30 20:17:19,6,2.32,1,N,114,230,2,12.1,1.0,0.5,0.0,0.0,1,17.1,2.5,0.0
2,2023-04-30 20:29:20,2023-04-30 20:37:22,6,1.75,1,N,161,50,1,10.7,1.0,0.5,3.14,0.0,1,18.84,2.5,0.0
2,2023-04-30 20:13:22,2023-04-30 20:21:52,2,1.55,1,N,164,68,1,10.7,1.0,0.5,2.0,0.0,1,17.7,2.5,0.0
1,2023-04-30 20:19:43,2023-04-30 20:34:40,2,6.8,1,N,138,41,1,28.9,7.75,0.5,11.15,6.55,1,55.85,0.0,1.75
2,2023-04-30 20:34:52,2023-04-30 20:57:28,1,7.09,1,N,132,130,2,32.4,1.0,0.5,0.0,0.0,1,34.9,0.0,0.0
2,2023-04-30 20:28:40,2023-04-30 20:46:45,1,8.35,1,N,249,196,1,33.8,1.0,0.5,11.34,6.55,1,56.69,2.5,0.0
2,2023-04-30 20:58:55,2023-04-30 21:17:02,2,10.86,1,N,138,64,2,42.2,6.0,0.5,0.0,0.0,1,51.45,0.0,1.75
2,2023-04-30 20:00:57,2023-04-30 20:12:32,1,2.18,1,N,48,170,2,14.2,1.0,0.5,0.0,0.0,1,19.2,2.5,0.0
2,2023-04-30 20:15:52,2023-04-30 20:22:14,1,1.76,1,N,164,114,1,10.0,1.0,0.5,4.0,0.0,1,19.0,2.5,0.0
2,2023-04-30 20:26:21,2023-04-30 20:37:55,1,4.22,1,N,114,141,1,18.4,1.0,0.5,4.68,0.0,1,28.08,2.5,0.0
2,2023-04-30 20:55:20,2023-04-30 20:58:23,1,1.25,1,N,186,48,1,7.2,1.0,0.5,2.44,0.0,1,14.64,2.5,0.0
2,2023-04-30 20:35:40,2023-04-30 20:43:06,1,3.98,1,N,132,219,1,17.7,1.0,0.5,4.04,0.0,1,25.99,0.0,1.75
1,2023-04-30 20:59:47,2023-04-30 21:26:38,1,17.6,2,N,132,231,1,70.0,4.25,0.5,22.75,0.0,1,98.5,2.5,1.75
2,2023-04-30 20:08:17,2023-04-30 20:43:25,1,18.64,2,N,132,246,1,70.0,0.0,0.5,10.0,6.55,1,92.3,2.5,1.75
2,2023-04-30 20:13:53,2023-04-30 20:18:38,1,0.77,1,N,246,100,2,6.5,1.0,0.5,0.0,0.0,1,11.5,2.5,0.0
2,2023-04-30 20:41:39,2023-04-30 20:48:45,2,1.53,1,N,246,48,1,9.3,1.0,0.5,2.86,0.0,1,17.16,2.5,0.0
2,2023-04-30 20:44:44,2023-04-30 21:10:13,1,15.48,1,N,132,165,1,59.7,1.0,0.5,3.0,0.0,1,66.95,0.0,1.75
2,2023-04-30 20:35:42,2023-04-30 21:13:28,1,24.47,1,N,132,228,1,92.6,1.0,0.5,19.02,0.0,1,115.87,0.0,1.75
1,2023-04-30 20:27:49,2023-04-30 20:59:00,1,11.5,1,N,132,49,1,47.8,1.0,0.5,10.05,0.0,1,60.35,0.0,0.0
2,2023-04-30 20:03:39,2023-04-30 20:09:06,2,1.58,1,N,151,75,1,9.3,1.0,0.5,0.0,0.0,1,11.8,0.0,0.0
2,2023-04-30 20:39:55,2023-04-30 20:53:45,2,5.44,1,N,48,42,1,24.0,1.0,0.5,5.8,0.0,1,34.8,2.5,0.0
2,2023-04-30 20:42:37,2023-04-30 20:51:05,1,3.21,1,N,138,7,1,15.6,6.0,0.5,4.97,0.0,1,29.82,0.0,1.75
2,2023-04-30 20:45:18,2023-04-30 20:49:52,1,1.32,1,N,75,236,2,7.9,1.0,0.5,0.0,0.0,1,12.9,2.5,0.0
2,2023-04-30 20:52:52,2023-05-01 20:49:52,1,4.68,1,N,237,179,2,21.2,1.0,0.5,0.0,0.0,1,26.2,2.5,0.0
2,2023-04-30 20:01:34,2023-04-30 20:06:02,3,1.2,1,N,239,238,1,7.9,1.0,0.5,2.58,0.0,1,15.48,2.5,0.0
2,2023-04-30 20:23:54,2023-04-30 20:30:30,3,1.99,1,N,239,141,1,10.7,1.0,0.5,3.14,0.0,1,18.84,2.5,0.0
2,2023-04-30 20:49:04,2023-04-30 20:50:58,3,0.87,1,N,238,151,1,5.8,1.0,0.5,1.5,0.0,1,12.3,2.5,0.0
2,2023-04-30 20:13:01,2023-04-30 20:31:24,1,9.93,1,N,264,264,2,39.4,1.0,0.5,0.0,6.55,1,48.45,0.0,0.0
2,2023-04-30 20:34:38,2023-04-30 20:41:48,1,2.47,1,N,264,264,1,11.4,1.0,0.5,1.0,0.0,1,17.4,2.5,0.0
2,2023-04-30 20:48:46,2023-04-30 21:10:35,1,10.54,1,N,138,17,1,42.9,6.0,0.5,10.43,0.0,1,62.58,0.0,1.75
2,2023-04-30 20:31:20,2023-04-30 20:49:48,2,8.91,1,N,138,68,2,35.9,6.0,0.5,0.0,6.55,1,54.2,2.5,1.75
2,2023-04-30 20:30:01,2023-04-30 20:56:50,2,10.94,1,N,138,62,1,45.7,6.0,0.5,10.64,0.0,1,65.59,0.0,1.75
2,2023-04-30 20:04:11,2023-04-30 20:42:04,1,20.98,1,N,132,33,1,78.6,1.0,0.5,16.57,0.0,1,99.42,0.0,1.75
2,2023-04-30 20:07:36,2023-04-30 20:16:59,1,1.56,1,N,79,125,1,11.4,1.0,0.5,3.28,0.0,1,19.68,2.5,0.0
2,2023-04-30 20:26:35,2023-04-30 20:35:37,1,2.69,1,N,249,170,1,13.5,1.0,0.5,3.7,0.0,1,22.2,2.5,0.0
2,2023-04-30 20:52:14,2023-04-30 21:05:08,1,3.64,1,N,48,263,1,17.7,1.0,0.5,4.54,0.0,1,27.24,2.5,0.0
1,2023-04-30 20:11:07,2023-04-30 20:21:31,1,2.2,1,N,48,238,2,12.1,3.5,0.5,0.0,0.0,1,17.1,2.5,0.0
1,2023-04-30 20:55:54,2023-04-30 21:13:17,1,4.6,1,N,163,4,1,21.2,3.5,0.5,3.8,0.0,1,30.0,2.5,0.0
2,2023-04-30 20:02:29,2023-04-30 20:09:01,1,1.44,1,N,239,43,1,10.0,1.0,0.5,1.0,0.0,1,16.0,2.5,0.0
2,2023-04-30 20:00:46,2023-04-30 20:17:01,1,10.2,1,N,138,107,1,39.4,6.0,0.5,10.23,0.0,1,61.38,2.5,1.75
1,2023-04-30 20:34:22,2023-04-30 20:53:18,1,7.7,1,N,138,112,1,31.0,7.75,0.5,8.05,0.0,1,48.3,0.0,1.75
2,2023-04-30 20:48:35,2023-04-30 20:49:00,2,0.03,1,N,140,140,2,3.0,1.0,0.5,0.0,0.0,1,8.0,2.5,0.0
2,2023-04-30 20:32:23,2023-04-30 21:11:35,1,14.72,1,N,132,181,1,59.7,1.0,0.5,12.44,0.0,1,76.39,0.0,1.75
1,2023-04-30 20:19:16,2023-04-30 20:30:51,1,3.7,1,N,138,7,1,17.7,7.75,0.5,2.0,0.0,1,28.95,0.0,1.75
1,2023-04-30 20:44:19,2023-04-30 21:12:18,2,17.7,1,N,138,123,1,66.0,7.75,0.5,4.75,0.0,1,80.0,0.0,1.75
2,2023-04-30 20:17:50,2023-04-30 20:37:31,1,9.26,1,N,138,90,1,37.3,6.0,0.5,13.9,6.55,1,69.5,2.5,1.75
2,2023-04-30 20:09:04,2023-04-30 20:22:59,1,5.37,1,N,138,121,2,22.6,6.0,0.5,0.0,0.0,1,31.85,0.0,1.75
1,2023-04-30 20:17:38,2023-04-30 20:36:19,2,10.6,1,N,138,189,1,40.8,7.75,0.5,10.01,0.0,1,60.06,0.0,1.75
1,2023-04-30 20:35:46,2023-04-30 20:50:09,1,8.9,1,N,138,49,1,35.2,7.75,0.5,5.0,0.0,1,49.45,0.0,1.75
2,2023-04-30 20:18:10,2023-04-30 20:48:39,2,17.92,2,N,132,90,1,70.0,0.0,0.5,12.34,6.55,1,94.64,2.5,1.75
2,2023-04-30 20:54:58,2023-04-30 21:00:11,1,0.85,1,N,234,137,2,7.2,1.0,0.5,0.0,0.0,1,12.2,2.5,0.0
2,2023-04-30 20:19:06,2023-04-30 20:26:44,2,2.07,1,N,164,141,1,10.7,1.0,0.5,3.14,0.0,1,18.84,2.5,0.0
2,2023-04-30 20:56:15,2023-04-30 21:18:37,1,10.51,1,N,138,239,1,41.5,6.0,0.5,11.61,6.55,1,71.41,2.5,1.75
1,2023-04-30 20:31:27,2023-04-30 21:03:59,1,12.6,1,N,132,181,1,51.3,2.75,0.5,11.1,0.0,1,66.65,0.0,1.75
2,2023-04-30 20:50:00,2023-04-30 21:07:08,1,9.89,1,N,138,65,1,39.4,6.0,0.5,8.0,0.0,1,56.65,0.0,1.75
1,2023-04-30 20:15:03,2023-04-30 20:25:02,1,2.8,1,N,236,48,1,14.2,3.5,0.5,4.75,0.0,1,23.95,2.5,0.0
2,2023-04-30 20:39:35,2023-04-30 21:06:17,2,11.9,1,N,138,50,1,49.2,6.0,0.5,13.15,6.55,1,80.65,2.5,1.75
2,2023-04-30 20:09:40,2023-04-30 20:17:14,2,2.67,1,N,249,48,1,12.8,1.0,0.5,2.67,0.0,1,20.47,2.5,0.0
2,2023-04-30 20:23:11,2023-04-30 20:49:20,1,7.8,1,N,68,61,1,35.2,1.0,0.5,0.0,0.0,1,40.2,2.5,0.0
1,2023-04-30 20:11:40,2023-04-30 20:41:21,1,15.4,1,N,138,86,2,58.3,7.75,0.5,0.0,0.0,1,67.55,0.0,1.75
2,2023-04-30 20:15:35,2023-04-30 20:30:53,1,6.95,1,N,138,145,1,28.9,6.0,0.5,10.92,0.0,1,49.07,0.0,1.75
2,2023-04-30 20:56:43,2023-04-30 21:07:18,1,5.31,1,N,138,92,1,21.9,6.0,0.5,5.88,0.0,1,37.03,0.0,1.75
2,2023-04-30 20:27:22,2023-04-30 20:46:32,1,10.05,1,N,138,20,2,39.4,6.0,0.5,0.0,6.55,1,55.2,0.0,1.75
2,2023-04-30 20:03:07,2023-04-30 20:29:39,1,12.27,1,N,70,68,1,49.9,1.0,0.5,12.29,6.55,1,73.74,2.5,0.0
2,2023-04-30 20:02:03,2023-04-30 20:11:19,1,2.74,1,N,230,75,1,13.5,1.0,0.5,2.0,0.0,1,20.5,2.5,0.0
2,2023-04-30 20:19:36,2023-04-30 20:25:06,1,1.68,1,N,43,186,1,9.3,1.0,0.5,2.86,0.0,1,17.16,2.5,0.0
2,2023-04-30 20:39:26,2023-04-30 20:53:55,1,4.57,1,N,48,13,1,20.5,1.0,0.5,5.1,0.0,1,30.6,2.5,0.0
1,2023-04-30 20:21:02,2023-04-30 20:48:22,1,13.8,4,N,132,265,1,84.2,2.75,0.5,17.65,0.0,1,106.1,0.0,1.75
1,2023-04-30 20:39:54,2023-04-30 21:07:19,1,18.1,2,N,132,41,1,70.0,1.75,0.5,10.2,6.55,1,90.0,0.0,1.75
2,2023-04-30 20:47:57,2023-04-30 21:15:08,1,3.46,1,N,48,145,2,17.0,1.0,0.5,0.0,0.0,1,22.0,2.5,0.0
1,2023-04-30 20:04:54,2023-04-30 20:36:42,1,18.2,2,N,132,113,1,70.0,2.5,0.5,16.1,6.55,1,96.65,2.5,0.0
2,2023-04-30 20:00:55,2023-04-30 20:06:59,1,1.33,1,N,229,107,1,8.6,1.0,0.5,2.72,0.0,1,16.32,2.5,0.0
2,2023-04-30 20:36:01,2023-04-30 20:48:38,1,3.27,1,N,230,79,1,17.0,1.0,0.5,4.4,0.0,1,26.4,2.5,0.0
2,2023-04-30 20:04:00,2023-04-30 20:07:32,1,0.98,1,N,142,230,1,6.5,1.0,0.5,2.3,0.0,1,13.8,2.5,0.0
2,2023-04-30 20:52:35,2023-04-30 21:07:25,1,9.46,1,N,138,144,1,36.6,6.0,0.5,9.32,0.0,1,57.67,2.5,1.75
2,2023-04-30 20:37:35,2023-04-30 20:41:31,3,1.13,1,N,158,68,1,7.2,1.0,0.5,2.44,0.0,1,14.64,2.5,0.0
2,2023-04-30 20:48:35,2023-04-30 20:51:18,3,0.53,1,N,68,68,2,5.1,1.0,0.5,0.0,0.0,1,10.1,2.5,0.0
2,2023-04-30 20:21:45,2023-04-30 20:48:58,2,17.67,2,N,132,233,1,70.0,0.0,0.5,20.14,6.55,1,100.69,2.5,0.0
2,2023-04-30 20:49:46,2023-04-30 20:55:00,1,1.46,1,N,233,107,1,8.6,1.0,0.5,2.72,0.0,1,16.32,2.5,0.0
2,2023-04-30 20:06:15,2023-04-30 20:20:28,1,8.59,1,N,138,233,1,33.1,6.0,0.5,7.0,6.55,1,58.4,2.5,1.75
2,2023-04-30 20:22:22,2023-04-30 20:27:54,1,1.2,1,N,233,141,1,7.9,1.0,0.5,2.58,0.0,1,15.48,2.5,0.0
2,2023-04-30 20:58:43,2023-04-30 21:17:41,2,8.36,1,N,138,236,1,35.9,6.0,0.5,10.84,6.55,1,65.04,2.5,1.75
2,2023-04-30 20:20:48,2023-04-30 20:39:37,1,9.95,1,N,138,234,1,39.4,6.0,0.5,11.19,6.55,1,68.89,2.5,1.75
2,2023-04-30 20:48:56,2023-04-30 20:51:43,1,0.62,1,N,113,79,1,5.1,1.0,0.5,2.02,0.0,1,12.12,2.5,0.0
2,2023-04-30 20:04:19,2023-04-30 20:19:53,2,4.98,1,N,138,146,1,23.3,6.0,0.5,6.16,0.0,1,38.71,0.0,1.75
2,2023-04-30 20:22:51,2023-04-30 20:34:23,1,3.05,1,N,226,48,1,16.3,1.0,0.5,4.26,0.0,1,25.56,2.5,0.0
2,2023-04-30 20:04:30,2023-04-30 20:31:42,5,18.17,2,N,132,229,1,70.0,0.0,0.5,10.45,6.55,1,91.0,2.5,0.0
2,2023-04-30 20:44:20,2023-04-30 21:08:26,1,18.46,2,N,132,148,1,70.0,0.0,0.5,2.8,0.0,1,78.55,2.5,1.75
2,2023-04-30 20:06:39,2023-04-30 20:52:18,1,17.13,2,N,132,202,2,70.0,0.0,0.5,0.0,0.0,1,73.25,0.0,1.75
2,2023-04-30 20:08:26,2023-04-30 20:17:02,1,2.49,1,N,229,236,1,12.1,1.0,0.5,3.42,0.0,1,20.52,2.5,0.0
2,2023-04-30 20:18:08,2023-04-30 20:46:16,1,18.11,2,N,132,107,1,70.0,0.0,0.5,16.46,6.55,1,98.76,2.5,1.75
2,2023-04-30 20:52:57,2023-04-30 21:09:35,1,4.54,1,N,137,145,1,21.9,1.0,0.5,4.0,6.55,1,37.45,2.5,0.0
2,2023-04-30 20:12:04,2023-04-30 20:12:08,1,0.17,1,N,264,264,2,3.0,1.0,0.5,0.0,0.0,1,5.5,0.0,0.0
2,2023-04-30 20:36:54,2023-04-30 20:51:57,1,7.78,1,N,138,256,1,31.7,6.0,0.5,2.0,0.0,1,42.95,0.0,1.75
1,2023-04-30 20:00:11,2023-04-30 20:33:53,1,18.6,2,N,132,263,1,70.0,2.5,0.5,16.1,6.55,1,96.65,2.5,0.0
2,2023-04-30 20:33:22,2023-04-30 20:45:00,1,5.51,1,N,132,130,1,22.6,1.0,0.5,3.0,0.0,1,29.85,0.0,1.75
2,2023-04-30 20:07:43,2023-04-30 20:17:48,2,2.78,1,N,148,162,2,13.5,1.0,0.5,0.0,0.0,1,18.5,2.5,0.0
2,2023-04-30 20:17:12,2023-04-30 20:36:59,5,10.86,1,N,138,161,1,42.2,6.0,0.5,6.0,6.55,1,66.5,2.5,1.75
2,2023-04-30 20:17:00,2023-04-30 20:43:59,1,11.42,1,N,132,35,2,46.4,1.0,0.5,0.0,0.0,1,48.9,0.0,0.0
2,2023-04-30 20:36:25,2023-04-30 20:44:42,1,3.56,1,N,132,216,2,15.6,1.0,0.5,0.0,0.0,1,19.85,0.0,1.75
2,2023-04-30 20:44:07,2023-04-30 20:57:46,2,5.45,1,N,138,157,1,23.3,6.0,0.5,6.51,0.0,1,39.06,0.0,1.75
2,2023-04-30 20:24:00,2023-04-30 20:39:48,1,8.94,1,N,138,164,1,34.5,6.0,0.5,10.21,6.55,1,63.01,2.5,1.75
1,2023-04-30 20:04:06,2023-04-30 20:16:27,1,3.6,1,N,79,225,1,18.4,3.5,0.5,4.65,0.0,1,28.05,2.5,0.0
1,2023-04-30 20:05:49,2023-04-30 20:24:12,1,9.6,1,N,132,82,4,37.3,2.75,0.5,0.0,0.0,1,41.55,0.0,1.75
1,2023-04-30 20:24:49,2023-04-30 20:38:10,1,6.8,2,N,82,237,1,70.0,2.5,0.5,10.0,6.55,1,90.55,2.5,0.0
2,2023-04-30 20:23:54,2023-04-30 20:39:52,1,7.78,1,N,138,36,1,31.7,6.0,0.5,7.84,0.0,1,48.79,0.0,1.75
2,2023-04-30 20:07:14,2023-04-30 20:19:30,1,3.56,1,N,142,41,1,17.0,1.0,0.5,3.3,0.0,1,25.3,2.5,0.0
2,2023-04-30 20:34:28,2023-04-30 21:06:47,1,14.55,1,N,239,169,1,57.6,1.0,0.5,0.0,0.0,1,62.6,2.5,0.0
2,2023-04-30 20:01:02,2023-04-30 20:26:47,1,15.67,1,N,138,133,1,59.0,6.0,0.5,13.3,0.0,1,81.55,0.0,1.75
2,2023-04-30 20:23:20,2023-04-30 20:38:13,1,4.2,1,N,114,255,1,19.8,1.0,0.5,4.96,0.0,1,29.76,2.5,0.0
2,2023-04-30 20:58:37,2023-04-30 21:15:53,1,9.17,1,N,138,107,1,36.6,6.0,0.5,6.8,6.55,1,61.7,2.5,1.75
2,2023-04-30 20:37:01,2023-04-30 20:57:18,2,11.57,1,N,132,82,1,45.7,1.0,0.5,9.64,0.0,1,59.59,0.0,1.75
2,2023-04-30 20:08:11,2023-04-30 20:43:33,2,21.4,2,N,264,264,1,70.0,0.0,0.5,14.3,0.0,1,85.8,0.0,0.0
2,2023-04-30 20:00:49,2023-04-30 20:08:56,4,2.24,1,N,249,261,1,11.4,1.0,0.5,3.28,0.0,1,19.68,2.5,0.0
2,2023-04-30 20:00:32,2023-04-30 20:03:50,1,0.34,1,N,161,161,2,5.1,1.0,0.5,0.0,0.0,1,10.1,2.5,0.0
2,2023-04-30 20:04:55,2023-04-30 20:08:26,1,1.18,1,N,161,233,2,7.2,1.0,0.5,0.0,0.0,1,12.2,2.5,0.0
2,2023-04-30 20:10:46,2023-04-30 20:15:27,1,1.28,1,N,162,163,1,7.9,1.0,0.5,2.58,0.0,1,15.48,2.5,0.0
2,2023-04-30 20:47:28,2023-04-30 21:06:16,2,9.73,1,N,138,237,1,38.0,6.0,0.5,10.91,6.55,1,67.21,2.5,1.75
2,2023-04-30 20:12:20,2023-04-30 20:33:33,1,9.81,1,N,132,198,1,40.1,1.0,0.5,8.87,0.0,1,53.22,0.0,1.75
2,2023-04-30 20:22:33,2023-04-30 20:53:36,2,18.59,1,N,138,11,2,70.2,6.0,0.5,0.0,0.0,1,79.45,0.0,1.75
2,2023-04-30 20:01:08,2023-04-30 20:14:48,1,3.0,1,N,263,230,2,17.0,1.0,0.5,0.0,0.0,1,22.0,2.5,0.0
2,2023-04-30 20:09:57,2023-04-30 20:29:10,1,9.37,1,N,138,234,1,37.3,6.0,0.5,10.77,6.55,1,66.37,2.5,1.75
2,2023-04-30 20:07:38,2023-04-30 20:41:05,2,17.9,2,N,132,246,1,70.0,0.0,0.5,16.11,6.55,1,96.66,2.5,0.0
2,2023-04-30 20:09:24,2023-04-30 20:13:03,1,1.65,1,N,90,144,1,8.6,1.0,0.5,2.72,0.0,1,16.32,2.5,0.0
2,2023-04-30 20:26:02,2023-04-30 20:35:27,1,2.64,1,N,249,230,1,13.5,1.0,0.5,3.7,0.0,1,22.2,2.5,0.0
2,2023-04-30 20:49:26,2023-04-30 21:02:44,1,4.64,1,N,90,263,1,20.5,1.0,0.5,5.1,0.0,1,30.6,2.5,0.0
2,2023-04-30 20:15:43,2023-04-30 20:17:59,1,0.4,1,N,230,230,1,4.4,1.0,0.5,2.0,0.0,1,11.4,2.5,0.0
2,2023-04-30 20:04:59,2023-04-30 20:26:12,5,5.18,1,N,163,116,1,25.4,1.0,0.5,7.6,0.0,1,38.0,2.5,0.0
2,2023-04-30 20:06:18,2023-04-30 20:32:27,1,10.27,1,N,138,87,1,43.6,6.0,0.5,10.0,0.0,1,65.35,2.5,1.75
2,2023-04-30 20:32:52,2023-04-30 20:52:19,5,11.07,1,N,138,167,2,42.9,6.0,0.5,0.0,6.55,1,58.7,0.0,1.75
2,2023-04-30 20:05:57,2023-04-30 20:21:38,1,7.8,1,N,138,262,1,32.4,6.0,0.5,12.68,6.55,1,63.38,2.5,1.75
2,2023-04-30 20:24:51,2023-04-30 20:29:07,1,0.91,1,N,140,140,1,7.2,1.0,0.5,3.05,0.0,1,15.25,2.5,0.0
2,2023-04-30 20:14:47,2023-04-30 20:43:38,1,18.63,2,N,132,230,1,70.0,0.0,0.5,16.46,6.55,1,98.76,2.5,1.75
2,2023-04-30 20:02:07,2023-04-30 20:19:50,1,6.45,1,N,132,76,2,28.2,1.0,0.5,0.0,0.0,1,32.45,0.0,1.75
2,2023-04-30 20:45:13,2023-04-30 21:12:11,1,17.16,2,N,132,229,1,70.0,0.0,0.5,2.0,6.55,1,84.3,2.5,1.75
2,2023-04-30 20:18:43,2023-04-30 20:42:57,2,13.77,1,N,138,181,1,52.7,6.0,0.5,12.39,0.0,1,74.34,0.0,1.75
2,2023-04-30 20:59:34,2023-04-30 21:18:31,1,4.93,1,N,238,107,1,24.0,1.0,0.5,8.7,0.0,1,37.7,2.5,0.0
2,2023-04-30 20:36:42,2023-04-30 21:05:54,1,18.83,2,N,132,263,1,70.0,0.0,0.5,16.11,6.55,1,98.41,2.5,1.75
2,2023-04-30 20:25:41,2023-04-30 20:39:01,1,8.66,1,N,163,127,1,34.5,1.0,0.5,5.0,0.0,1,44.5,2.5,0.0
2,2023-04-30 20:15:35,2023-04-30 20:21:03,1,1.29,1,N,138,70,1,7.9,6.0,0.5,3.08,0.0,1,20.23,0.0,1.75
2,2023-04-30 20:36:15,2023-04-30 20:49:51,1,7.09,1,N,138,255,1,28.9,6.0,0.5,7.28,0.0,1,45.43,0.0,1.75
1,2023-04-30 20:07:30,2023-04-30 20:15:27,1,1.2,1,N,152,151,2,8.6,1.0,0.5,0.0,0.0,1,11.1,0.0,0.0
2,2023-04-30 20:10:33,2023-04-30 20:13:21,1,0.93,1,N,263,263,1,5.8,1.0,0.5,2.16,0.0,1,12.96,2.5,0.0
2,2023-04-30 20:35:11,2023-04-30 20:51:56,1,9.49,1,N,138,116,1,38.0,6.0,0.5,10.41,6.55,1,64.21,0.0,1.75
2,2023-04-30 20:17:51,2023-04-30 20:35:36,1,10.26,1,N,138,79,1,40.1,6.0,0.5,12.53,0.0,1,64.38,2.5,1.75
2,2023-04-30 20:44:58,2023-04-30 21:00:03,1,9.71,1,N,132,265,1,38.0,1.0,0.5,5.0,0.0,1,47.25,0.0,1.75
2,2023-04-30 20:29:59,2023-04-30 21:04:33,2,22.82,2,N,132,163,2,70.0,0.0,0.5,0.0,6.55,1,82.3,2.5,1.75
2,2023-04-30 20:09:16,2023-04-30 20:16:03,1,1.04,1,N,233,230,1,8.6,1.0,0.5,2.72,0.0,1,16.32,2.5,0.0
1,2023-04-30 20:50:19,2023-04-30 21:05:54,1,8.4,1,N,138,97,2,32.4,7.75,0.5,0.0,0.0,1,41.65,0.0,1.75
2,2023-04-30 20:21:08,2023-04-30 20:36:09,1,9.0,1,N,138,164,1,35.2,6.0,0.5,10.7,6.55,1,64.2,2.5,1.75
2,2023-04-30 20:55:08,2023-04-30 21:02:25,1,1.5,1,N,138,70,2,9.3,6.0,0.5,0.0,0.0,1,18.55,0.0,1.75
2,2023-04-30 20:05:53,2023-04-30 20:26:03,1,9.21,1,N,138,48,1,38.0,6.0,0.5,10.91,6.55,1,67.21,2.5,1.75
2,2023-04-30 20:59:45,2023-04-30 21:24:26,5,10.96,1,N,132,39,2,45.7,1.0,0.5,0.0,0.0,1,49.95,0.0,1.75
1,2023-04-30 20:06:03,2023-04-30 20:28:29,1,5.0,1,N,48,7,2,24.0,3.5,0.5,0.0,0.0,1,29.0,2.5,0.0
2,2023-04-30 19:56:23,2023-04-30 20:22:30,1,13.73,1,N,144,21,2,52.7,1.0,0.5,0.0,0.0,1,57.7,2.5,0.0
1,2023-04-30 20:08:16,2023-04-30 20:13:30,1,1.1,1,N,163,162,2,7.2,3.5,0.5,0.0,0.0,1,12.2,2.5,0.0
2,2023-04-30 20:28:27,2023-04-30 20:40:10,1,2.4,1,N,263,142,1,14.2,1.0,0.5,3.84,0.0,1,23.04,2.5,0.0
2,2023-04-30 20:49:09,2023-04-30 21:00:00,1,3.36,1,N,163,144,1,16.3,1.0,0.5,4.26,0.0,1,25.56,2.5,0.0
2,2023-04-30 20:19:04,2023-04-30 20:22:11,2,1.11,1,N,264,264,1,6.5,1.0,0.5,2.3,0.0,1,13.8,2.5,0.0
2,2023-04-30 20:36:57,2023-04-30 20:53:07,3,3.72,1,N,264,264,2,19.1,1.0,0.5,0.0,0.0,1,21.6,0.0,0.0
2,2023-04-30 20:55:51,2023-04-30 21:01:52,1,1.5,1,N,264,264,1,9.3,1.0,0.5,2.36,0.0,1,14.16,0.0,0.0
2,2023-04-30 20:08:40,2023-04-30 20:09:02,2,0.03,2,N,249,114,2,70.0,0.0,0.5,0.0,0.0,1,74.0,2.5,0.0
2,2023-04-30 20:09:23,2023-04-30 20:14:39,2,0.87,1,N,114,79,2,7.2,1.0,0.5,0.0,0.0,1,12.2,2.5,0.0
1,2023-04-30 20:11:54,2023-04-30 20:42:51,1,18.6,2,N,132,234,1,70.0,2.5,0.5,10.0,8.3,1,92.3,2.5,0.0
1,2023-04-30 20:14:36,2023-04-30 20:22:26,1,1.8,1,N,229,262,1,10.7,3.5,0.5,3.1,0.0,1,18.8,2.5,0.0
2,2023-04-30 20:19:38,2023-04-30 20:46:53,1,10.8,1,N,138,142,1,45.7,6.0,0.5,5.0,6.55,1,69.0,2.5,1.75
2,2023-04-30 20:13:10,2023-04-30 20:20:04,1,1.78,1,N,114,164,1,10.0,1.0,0.5,3.0,0.0,1,18.0,2.5,0.0
2,2023-04-30 20:03:12,2023-04-30 20:37:09,1,11.07,1,N,132,36,1,46.4,1.0,0.5,4.0,0.0,1,54.65,0.0,1.75
2,2023-04-30 20:44:38,2023-04-30 20:49:28,2,1.0,1,N,249,144,1,7.2,1.0,0.5,2.44,0.0,1,14.64,2.5,0.0
2,2023-04-30 20:56:05,2023-04-30 21:07:56,1,4.39,1,N,79,262,1,18.4,1.0,0.5,4.68,0.0,1,28.08,2.5,0.0
1,2023-04-30 20:04:45,2023-04-30 20:14:12,1,1.4,1,N,236,237,2,11.4,3.5,0.5,0.0,0.0,1,16.4,2.5,0.0
1,2023-04-30 20:21:56,2023-04-30 20:28:47,1,1.6,1,N,164,68,1,9.3,3.5,0.5,2.86,0.0,1,17.16,2.5,0.0
2,2023-04-30 20:41:07,2023-04-30 21:01:58,1,7.27,1,N,100,82,2,32.4,1.0,0.5,0.0,6.55,1,43.95,2.5,0.0
2,2023-04-30 20:51:23,2023-04-30 20:56:35,1,1.83,1,N,107,229,1,10.0,1.0,0.5,3.0,0.0,1,18.0,2.5,0.0
2,2023-04-30 20:35:26,2023-04-30 20:51:45,1,8.15,1,N,138,75,1,33.1,6.0,0.5,11.79,6.55,1,60.69,0.0,1.75
2,2023-04-30 20:04:16,2023-04-30 20:09:47,1,1.36,1,N,113,107,1,8.6,1.0,0.5,2.72,0.0,1,16.32,2.5,0.0
2,2023-04-30 20:18:51,2023-04-30 20:39:32,1,6.43,1,N,231,75,1,27.5,1.0,0.5,0.0,0.0,1,32.5,2.5,0.0
2,2023-04-30 20:55:54,2023-04-30 21:04:36,1,3.0,1,N,229,4,1,13.5,1.0,0.5,4.62,0.0,1,23.12,2.5,0.0
2,2023-04-30 20:02:41,2023-04-30 20:10:55,1,2.03,1,N,237,262,1,11.4,1.0,0.5,3.28,0.0,1,19.68,2.5,0.0
2,2023-04-30 20:43:30,2023-04-30 20:52:26,1,4.59,1,N,132,215,2,19.1,1.0,0.5,0.0,0.0,1,23.35,0.0,1.75
1,2023-04-30 20:15:35,2023-04-30 20:41:49,1,11.7,1,N,138,48,1,46.4,10.25,0.5,0.0,6.55,1,64.7,2.5,1.75
2,2023-04-30 20:11:04,2023-04-30 20:27:57,1,9.04,1,N,138,141,1,35.2,6.0,0.5,10.7,6.55,1,64.2,2.5,1.75
2,2023-04-30 20:55:26,2023-04-30 21:20:40,1,15.07,1,N,138,228,1,56.9,6.0,0.5,9.92,0.0,1,76.07,0.0,1.75
1,2023-04-30 20:24:37,2023-04-30 20:41:34,1,7.2,1,N,138,41,1,31.0,7.75,0.5,9.35,6.55,1,56.15,0.0,1.75
2,2023-04-30 20:09:03,2023-04-30 20:30:00,1,11.24,1,N,138,164,1,43.6,6.0,0.5,12.03,6.55,1,73.93,2.5,1.75
2,2023-04-30 20:29:00,2023-04-30 20:59:33,1,17.5,1,N,132,49,2,66.7,1.0,0.5,0.0,0.0,1,70.95,0.0,1.75
2,2023-04-30 20:22:29,2023-04-30 20:50:05,1,10.59,1,N,138,142,1,44.3,6.0,0.5,15.65,6.55,1,78.25,2.5,1.75
2,2023-04-30 20:06:13,2023-04-30 20:13:34,5,1.37,1,N,148,125,1,10.0,1.0,0.5,3.0,0.0,1,18.0,2.5,0.0
2,2023-04-30 20:20:34,2023-04-30 20:28:14,5,1.69,1,N,90,79,1,10.0,1.0,0.5,3.0,0.0,1,18.0,2.5,0.0
2,2023-04-30 20:41:08,2023-04-30 20:49:45,5,3.16,1,N,148,162,1,14.2,1.0,0.5,3.84,0.0,1,23.04,2.5,0.0
2,2023-04-30 20:57:58,2023-04-30 21:09:56,1,2.34,1,N,74,116,1,14.2,1.0,0.5,1.0,0.0,1,17.7,0.0,0.0
2,2023-04-30 20:37:15,2023-04-30 21:07:47,1,16.26,1,N,132,188,1,62.5,1.0,0.5,2.0,0.0,1,67.0,0.0,0.0
2,2023-04-30 20:54:21,2023-04-30 21:06:10,2,7.82,1,N,138,75,1,30.3,6.0,0.5,8.87,6.55,1,54.97,0.0,1.75
1,2023-04-30 20:38:51,2023-04-30 20:53:39,1,9.5,1,N,70,141,1,36.6,10.25,0.5,10.98,6.55,1,65.88,2.5,1.75
2,2023-04-30 20:42:23,2023-04-30 21:13:39,2,17.24,2,N,132,164,2,70.0,0.0,0.5,0.0,6.55,1,82.3,2.5,1.75
2,2023-04-30 20:21:58,2023-04-30 20:43:35,2,11.64,1,N,138,164,1,45.7,6.0,0.5,12.45,6.55,1,76.45,2.5,1.75
2,2023-04-30 20:14:05,2023-04-30 20:36:12,1,11.05,1,N,138,158,1,44.3,6.0,0.5,13.57,0.0,1,69.62,2.5,1.75
2,2023-04-30 20:28:17,2023-04-30 20:33:56,1,1.94,1,N,231,158,2,10.0,1.0,0.5,0.0,0.0,1,15.0,2.5,0.0
2,2023-04-30 20:50:11,2023-04-30 20:53:57,1,0.66,1,N,100,246,1,5.8,1.0,0.5,2.0,0.0,1,12.8,2.5,0.0
2,2023-04-30 20:55:52,2023-04-30 21:03:35,1,1.81,1,N,246,162,2,10.7,1.0,0.5,0.0,0.0,1,15.7,2.5,0.0
1,2023-04-30 20:15:30,2023-04-30 20:23:44,1,2.2,1,N,79,231,1,11.4,3.5,0.5,1.5,0.0,1,17.9,2.5,0.0
2,2023-04-30 20:07:16,2023-04-30 20:29:51,1,5.34,1,N,234,226,1,26.8,1.0,0.5,6.36,0.0,1,38.16,2.5,0.0
2,2023-04-30 20:41:27,2023-04-30 20:46:25,1,1.09,1,N,233,114,1,7.9,1.0,0.5,2.58,0.0,1,15.48,2.5,0.0
1,2023-04-30 20:07:40,2023-04-30 20:13:11,1,2.4,1,N,132,216,1,11.4,2.75,0.5,3.1,0.0,1,18.75,0.0,1.75
1,2023-04-30 20:31:30,2023-04-30 20:59:21,1,19.7,2,N,132,263,1,70.0,4.25,0.5,5.0,6.55,1,87.3,2.5,1.75
2,2023-04-30 20:30:52,2023-04-30 20:51:41,2,8.01,1,N,132,122,2,33.1,1.0,0.5,0.0,0.0,1,37.35,0.0,1.75
2,2023-04-30 20:25:19,2023-04-30 20:45:07,1,10.01,1,N,138,186,1,40.1,6.0,0.5,14.16,6.55,1,72.56,2.5,1.75
1,2023-04-30 20:11:08,2023-04-30 20:41:00,1,15.7,1,N,132,85,2,61.1,2.75,0.5,0.0,0.0,1,65.35,0.0,1.75
2,2023-04-30 20:29:35,2023-04-30 21:03:36,1,19.27,1,N,132,189,1,73.7,1.0,0.5,19.05,0.0,1,95.25,0.0,0.0
2,2023-04-30 20:31:48,2023-04-30 20:59:33,1,17.77,2,N,132,42,2,70.0,0.0,0.5,0.0,6.55,1,79.8,0.0,1.75
1,2023-04-30 20:56:59,2023-04-30 21:16:16,1,11.6,1,N,138,231,1,45.7,10.25,0.5,1.0,0.0,1,58.45,2.5,1.75
2,2023-04-30 20:22:46,2023-04-30 20:44:55,1,6.57,1,N,138,198,1,30.3,6.0,0.5,5.0,0.0,1,44.55,0.0,1.75
2,2023-04-30 20:12:18,2023-04-30 20:16:47,1,1.29,1,N,237,230,2,7.9,1.0,0.5,0.0,0.0,1,12.9,2.5,0.0
2,2023-04-30 20:12:41,2023-04-30 20:27:15,2,6.62,1,N,148,262,1,28.2,1.0,0.5,6.64,0.0,1,39.84,2.5,0.0
2,2023-04-30 20:02:23,2023-04-30 20:30:23,1,7.19,1,N,249,198,1,35.2,1.0,0.5,3.0,0.0,1,43.2,2.5,0.0
2,2023-04-30 20:59:58,2023-04-30 21:09:55,1,2.92,1,N,48,79,1,14.2,1.0,0.5,2.88,0.0,1,22.08,2.5,0.0
1,2023-04-30 20:27:55,2023-04-30 20:43:40,1,8.6,1,N,138,236,1,33.8,10.25,0.5,7.81,6.55,1,59.91,2.5,1.75
2,2023-04-30 20:01:47,2023-04-30 20:30:36,1,16.56,1,N,132,255,1,62.5,1.0,0.5,13.0,0.0,1,78.0,0.0,0.0
2,2023-04-30 20:49:34,2023-04-30 21:04:08,1,9.61,1,N,138,140,1,37.3,6.0,0.5,5.0,6.55,1,60.6,2.5,1.75
2,2023-04-30 20:09:27,2023-04-30 20:15:22,1,1.75,1,N,113,164,2,10.0,1.0,0.5,0.0,0.0,1,15.0,2.5,0.0
2,2023-04-30 20:39:34,2023-04-30 20:59:49,1,8.26,1,N,186,116,1,35.2,1.0,0.5,0.0,0.0,1,40.2,2.5,0.0
2,2023-04-30 20:02:09,2023-04-30 20:16:14,1,4.18,1,N,148,62,1,19.8,1.0,0.5,4.96,0.0,1,29.76,2.5,0.0
2,2023-04-30 20:54:02,2023-04-30 21:19:10,1,18.59,2,N,264,264,1,70.0,0.0,0.5,10.0,6.55,1,89.8,0.0,1.75
2,2023-04-30 20:15:04,2023-04-30 20:19:40,1,1.07,1,N,249,211,1,7.2,1.0,0.5,1.0,0.0,1,13.2,2.5,0.0
2,2023-04-30 20:25:07,2023-04-30 20:30:55,1,1.85,1,N,249,164,1,10.0,1.0,0.5,1.5,0.0,1,16.5,2.5,0.0
1,2023-04-30 20:39:52,2023-04-30 20:55:48,2,3.0,1,N,164,79,2,15.6,3.5,0.5,0.0,0.0,1,20.6,2.5,0.0
1,2023-04-30 20:33:32,2023-04-30 20:54:40,1,16.3,1,N,132,15,1,60.4,2.75,0.5,12.9,0.0,1,77.55,0.0,1.75
1,2023-04-30 20:09:12,2023-04-30 20:30:51,2,8.5,1,N,249,260,1,34.5,3.5,0.5,5.0,0.0,1,44.5,2.5,0.0
1,2023-04-30 20:38:45,2023-04-30 20:54:23,2,9.5,1,N,138,141,1,36.6,10.25,0.5,10.95,6.55,1,65.85,2.5,1.75
2,2023-04-30 20:20:54,2023-04-30 20:28:18,1,1.49,1,N,100,68,2,10.0,1.0,0.5,0.0,0.0,1,15.0,2.5,0.0
2,2023-04-30 20:17:03,2023-04-30 20:33:13,1,5.27,1,N,230,41,1,24.0,1.0,0.5,1.5,0.0,1,30.5,2.5,0.0
2,2023-04-30 20:56:50,2023-04-30 21:00:47,1,1.05,1,N,186,230,1,7.2,1.0,0.5,3.05,0.0,1,15.25,2.5,0.0
2,2023-04-30 20:38:09,2023-04-30 20:42:30,1,0.73,1,N,107,137,2,6.5,1.0,0.5,0.0,0.0,1,11.5,2.5,0.0
2,2023-04-30 20:18:29,2023-04-30 20:21:48,1,1.0,1,N,246,50,2,6.5,1.0,0.5,0.0,0.0,1,11.5,2.5,0.0
2,2023-04-30 20:56:05,2023-04-30 21:00:20,1,0.58,1,N,186,234,1,6.5,1.0,0.5,2.3,0.0,1,13.8,2.5,0.0
1,2023-04-30 20:48:20,2023-04-30 20:53:31,1,1.0,1,N,114,211,1,6.5,3.5,0.5,2.3,0.0,1,13.8,2.5,0.0
2,2023-04-30 20:40:22,2023-04-30 21:09:41,5,17.92,1,N,132,49,1,67.4,1.0,0.5,13.98,0.0,1,83.88,0.0,0.0
2,2023-04-30 20:54:14,2023-04-30 21:36:47,1,15.61,2,N,132,79,1,70.0,0.0,0.5,10.0,0.0,1,84.0,2.5,0.0
1,2023-04-30 20:31:44,2023-04-30 21:07:14,1,21.0,2,N,132,261,1,70.0,4.25,0.5,15.15,0.0,1,90.9,2.5,1.75
2,2023-04-30 20:55:43,2023-04-30 21:06:20,1,5.87,1,N,132,124,1,24.0,1.0,0.5,5.3,0.0,1,31.8,0.0,0.0
1,2023-04-30 20:05:03,2023-04-30 20:19:30,1,8.6,4,N,132,38,1,33.8,2.75,0.5,0.0,0.0,1,38.05,0.0,1.75
1,2023-04-30 20:43:00,2023-04-30 21:09:22,2,18.3,2,N,132,211,1,70.0,4.25,0.5,15.15,0.0,1,90.9,2.5,1.75
2,2023-04-30 20:01:12,2023-04-30 20:21:59,1,12.41,1,N,138,88,1,47.1,6.0,0.5,11.42,0.0,1,70.27,2.5,1.75
2,2023-04-30 20:34:23,2023-04-30 20:49:53,2,4.53,1,N,114,80,1,22.6,1.0,0.5,5.52,0.0,1,33.12,2.5,0.0
1,2023-04-30 20:15:26,2023-04-30 20:19:25,1,0.6,1,N,263,75,1,5.1,3.5,0.5,2.55,0.0,1,12.65,2.5,0.0
2,2023-04-30 20:04:10,2023-04-30 20:06:33,2,0.59,1,N,263,141,2,5.1,1.0,0.5,0.0,0.0,1,10.1,2.5,0.0
2,2023-04-30 20:47:01,2023-04-30 21:17:02,2,18.29,2,N,132,48,1,70.0,0.0,0.5,7.13,6.55,1,89.43,2.5,1.75
2,2023-04-30 20:10:18,2023-04-30 20:37:17,2,20.46,1,N,70,210,2,75.1,6.0,0.5,0.0,0.0,1,84.35,0.0,1.75
2,2023-04-30 20:39:20,2023-04-30 20:58:30,1,11.61,1,N,138,231,1,45.0,6.0,0.5,5.0,0.0,1,61.75,2.5,1.75
2,2023-04-30 20:35:54,2023-04-30 20:48:28,1,5.14,1,N,138,226,1,22.6,6.0,0.5,6.37,0.0,1,38.22,0.0,1.75
2,2023-04-30 20:39:46,2023-04-30 20:51:11,3,3.58,1,N,138,7,2,17.7,6.0,0.5,0.0,0.0,1,26.95,0.0,1.75
1,2023-04-30 20:04:59,2023-04-30 20:14:32,1,4.1,1,N,107,88,1,18.4,3.5,0.5,0.0,0.0,1,23.4,2.5,0.0
2,2023-04-30 20:15:37,2023-04-30 20:19:18,1,0.57,1,N,246,186,1,5.8,1.0,0.5,2.16,0.0,1,12.96,2.5,0.0
2,2023-04-30 20:23:33,2023-04-30 20:35:57,1,3.25,1,N,90,239,1,17.0,1.0,0.5,4.4,0.0,1,26.4,2.5,0.0
2,2023-04-30 20:22:46,2023-04-30 20:34:54,1,6.63,1,N,138,74,1,26.8,6.0,0.5,5.0,6.55,1,47.6,0.0,1.75
2,2023-04-30 20:34:40,2023-04-30 20:57:15,1,9.06,1,N,138,24,1,38.0,6.0,0.5,13.01,6.55,1,66.81,0.0,1.75
2,2023-04-30 20:30:54,2023-04-30 21:02:24,1,19.1,2,N,132,231,1,70.0,0.0,0.5,0.0,0.0,1,75.75,2.5,1.75
2,2023-04-30 20:41:17,2023-04-30 21:06:51,1,18.6,1,N,132,66,1,68.8,1.0,0.5,14.26,0.0,1,85.56,0.0,0.0
2,2023-04-30 20:11:03,2023-04-30 20:31:29,1,14.21,1,N,70,257,1,52.7,1.0,0.5,5.0,0.0,1,61.95,0.0,1.75
1,2023-04-30 20:26:42,2023-04-30 20:35:38,1,1.4,1,N,249,144,1,10.0,3.5,0.5,0.0,0.0,1,15.0,2.5,0.0
1,2023-04-30 20:48:43,2023-04-30 20:55:20,1,1.1,1,N,249,107,1,8.6,3.5,0.5,2.7,0.0,1,16.3,2.5,0.0
2,2023-04-30 20:08:18,2023-04-30 20:31:11,1,16.93,1,N,132,255,1,62.5,1.0,0.5,10.0,0.0,1,76.75,0.0,1.75
2,2023-04-30 20:29:41,2023-04-30 20:49:26,1,10.33,1,N,138,90,1,40.8,6.0,0.5,14.34,6.55,1,73.44,2.5,1.75
1,2023-04-30 20:11:02,2023-04-30 20:30:14,2,1.8,1,N,249,100,2,14.2,3.5,0.5,0.0,0.0,1,19.2,2.5,0.0
1,2023-04-30 20:33:28,2023-04-30 20:36:38,2,0.8,1,N,90,249,1,5.8,3.5,0.5,1.0,0.0,1,11.8,2.5,0.0
2,2023-04-30 20:00:06,2023-04-30 20:08:55,3,1.46,1,N,41,166,2,10.7,1.0,0.5,0.0,0.0,1,13.2,0.0,0.0
2,2023-04-30 20:46:48,2023-04-30 20:52:49,4,1.72,1,N,186,43,2,10.0,1.0,0.5,0.0,0.0,1,15.0,2.5,0.0
2,2023-04-30 20:43:05,2023-04-30 21:00:34,2,12.9,1,N,138,132,1,48.5,6.0,0.5,11.55,0.0,1,69.3,0.0,1.75
2,2023-04-30 20:16:30,2023-04-30 20:43:04,1,17.64,2,N,132,164,1,70.0,0.0,0.5,10.0,6.55,1,92.3,2.5,1.75
2,2023-04-30 20:44:28,2023-04-30 20:49:45,1,1.51,1,N,164,114,1,9.3,1.0,0.5,3.0,0.0,1,17.3,2.5,0.0
2,2023-04-30 20:04:11,2023-04-30 20:09:32,1,0.97,1,N,148,4,2,7.2,1.0,0.5,0.0,0.0,1,12.2,2.5,0.0
2,2023-04-30 20:18:23,2023-04-30 20:19:31,1,0.17,1,N,137,137,2,3.0,1.0,0.5,0.0,0.0,1,8.0,2.5,0.0
2,2023-04-30 20:43:22,2023-04-30 20:47:07,1,0.81,1,N,107,90,1,6.5,1.0,0.5,2.0,0.0,1,13.5,2.5,0.0
2,2023-04-30 20:22:52,2023-04-30 20:28:32,1,1.19,1,N,164,90,1,8.6,1.0,0.5,4.08,0.0,1,17.68,2.5,0.0
2,2023-04-30 20:22:45,2023-04-30 20:33:39,1,5.24,1,N,132,216,2,21.2,1.0,0.5,0.0,0.0,1,23.7,0.0,0.0
2,2023-04-30 20:50:34,2023-04-30 21:11:53,2,17.79,2,N,132,232,1,70.0,0.0,0.5,22.2,0.0,1,96.2,2.5,0.0
1,2023-04-30 20:30:28,2023-04-30 20:34:44,1,1.5,1,N,138,70,1,8.6,7.75,0.5,3.57,0.0,1,21.42,0.0,1.75
1,2023-04-30 20:41:49,2023-04-30 20:50:22,1,4.3,1,N,138,95,2,18.4,7.75,0.5,0.0,0.0,1,27.65,0.0,1.75
2,2023-04-30 20:13:27,2023-04-30 20:21:02,1,1.98,1,N,249,249,1,10.7,1.0,0.5,3.14,0.0,1,18.84,2.5,0.0
2,2023-04-30 20:35:54,2023-04-30 20:52:07,1,4.73,1,N,230,74,1,21.2,1.0,0.5,2.0,0.0,1,28.2,2.5,0.0
1,2023-04-30 20:19:26,2023-04-30 20:33:03,1,9.0,1,N,138,34,1,34.5,7.75,0.5,8.75,0.0,1,52.5,0.0,1.75
2,2023-04-30 20:14:00,2023-04-30 20:22:52,1,1.78,1,N,170,107,1,10.7,1.0,0.5,3.14,0.0,1,18.84,2.5,0.0
2,2023-04-30 20:03:22,2023-04-30 20:38:18,1,19.34,1,N,132,25,1,72.3,1.0,0.5,14.96,0.0,1,91.51,0.0,1.75
2,2023-04-30 20:41:28,2023-04-30 20:43:52,1,0.56,1,N,25,52,2,5.1,1.0,0.5,0.0,0.0,1,7.6,0.0,0.0
2,2023-04-30 20:02:38,2023-04-30 20:17:57,1,3.51,1,N,143,75,2,18.4,1.0,0.5,0.0,0.0,1,23.4,2.5,0.0
2,2023-04-30 20:38:31,2023-04-30 20:56:40,1,9.22,1,N,138,43,1,36.6,6.0,0.5,12.66,6.55,1,65.06,0.0,1.75
1,2023-04-30 20:52:15,2023-04-30 21:23:21,1,17.9,1,N,70,265,1,66.7,7.75,0.5,20.6,6.55,1,103.1,0.0,1.75
2,2023-04-30 20:28:51,2023-04-30 20:53:24,4,10.94,1,N,138,62,1,45.0,6.0,0.5,10.5,0.0,1,64.75,0.0,1.75
2,2023-04-30 20:59:53,2023-04-30 21:02:57,2,0.58,1,N,146,146,2,5.1,1.0,0.5,0.0,0.0,1,7.6,0.0,0.0
2,2023-04-30 20:20:03,2023-04-30 20:44:46,1,6.16,1,N,114,74,1,31.0,1.0,0.5,7.2,0.0,1,43.2,2.5,0.0
2,2023-04-30 20:25:00,2023-04-30 20:55:28,1,10.82,1,N,161,69,1,47.1,1.0,0.5,13.03,0.0,1,65.13,2.5,0.0
1,2023-04-30 20:25:19,2023-04-30 20:34:47,1,3.7,1,N,141,79,1,15.6,3.5,0.5,4.1,0.0,1,24.7,2.5,0.0
1,2023-04-30 20:44:33,2023-04-30 20:52:28,2,2.3,1,N,158,230,1,11.4,3.5,0.5,4.05,0.0,1,20.45,2.5,0.0
1,2023-04-30 20:54:16,2023-04-30 21:00:21,1,1.5,1,N,230,137,2,9.3,3.5,0.5,0.0,0.0,1,14.3,2.5,0.0
2,2023-04-30 20:28:19,2023-04-30 20:41:24,2,5.51,1,N,132,216,2,24.0,1.0,0.5,0.0,0.0,1,28.25,0.0,1.75
2,2023-04-30 20:28:35,2023-04-30 20:41:01,1,6.94,1,N,138,168,1,28.2,6.0,0.5,3.0,6.55,1,47.0,0.0,1.75
2,2023-04-30 20:56:16,2023-04-30 21:01:30,1,1.55,1,N,138,70,2,8.6,6.0,0.5,0.0,0.0,1,17.85,0.0,1.75
2,2023-04-30 20:46:57,2023-04-30 20:59:53,1,7.45,1,N,138,255,1,29.6,6.0,0.5,7.42,0.0,1,46.27,0.0,1.75
1,2023-04-30 20:51:44,2023-04-30 21:06:53,1,4.4,1,N,90,33,2,20.5,3.5,0.5,0.0,0.0,1,25.5,2.5,0.0
1,2023-04-30 20:01:39,2023-04-30 20:32:47,1,14.1,1,N,132,149,2,57.6,2.75,0.5,0.0,0.0,1,61.85,0.0,1.75
2,2023-04-30 20:15:13,2023-04-30 20:42:33,4,18.18,2,N,132,229,1,70.0,0.0,0.5,16.11,6.55,1,96.66,2.5,0.0
2,2023-04-30 20:23:45,2023-04-30 20:30:19,1,0.8,1,N,113,211,1,7.9,1.0,0.5,3.23,0.0,1,16.13,2.5,0.0
2,2023-04-30 20:36:31,2023-04-30 20:41:32,3,0.76,1,N,114,125,1,6.5,1.0,0.5,2.3,0.0,1,13.8,2.5,0.0
2,2023-04-30 20:52:26,2023-04-30 21:13:47,1,5.97,1,N,113,74,1,27.5,1.0,0.5,6.5,0.0,1,39.0,2.5,0.0
1,2023-04-30 20:15:28,2023-04-30 20:32:03,3,8.5,1,N,138,141,1,33.8,10.25,0.5,10.4,6.55,1,62.5,2.5,1.75
2,2023-04-30 20:39:39,2023-04-30 20:54:25,1,6.9,1,N,138,145,1,28.2,6.0,0.5,7.14,0.0,1,44.59,0.0,1.75
1,2023-04-30 20:05:52,2023-04-30 20:18:38,1,8.0,1,N,70,262,1,31.7,10.25,0.5,10.0,6.55,1,60.0,2.5,1.75
1,2023-04-30 20:58:31,2023-04-30 21:14:27,1,9.0,1,N,138,238,1,35.2,10.25,0.5,13.35,6.55,1,66.85,2.5,1.75
2,2023-04-30 20:09:34,2023-04-30 20:30:29,1,12.81,1,N,138,40,1,48.5,6.0,0.5,11.55,0.0,1,69.3,0.0,1.75
2,2023-04-30 20:24:33,2023-04-30 20:38:27,1,7.97,1,N,138,263,1,31.7,6.0,0.5,9.65,6.55,1,59.65,2.5,1.75
2,2023-04-30 20:19:27,2023-04-30 20:33:51,1,8.46,1,N,138,263,1,33.1,6.0,0.5,9.93,6.55,1,61.33,2.5,1.75
2,2023-04-30 20:14:49,2023-04-30 20:36:27,1,10.42,1,N,138,61,1,42.2,6.0,0.5,7.0,0.0,1,58.45,0.0,1.75
2,2023-04-30 20:59:42,2023-04-30 21:21:41,3,10.21,1,N,138,48,1,41.5,6.0,0.5,11.61,6.55,1,71.41,2.5,1.75
2,2023-04-30 20:07:10,2023-04-30 20:14:34,1,1.29,1,N,79,234,1,9.3,1.0,0.5,2.5,0.0,1,16.8,2.5,0.0
2,2023-04-30 20:37:30,2023-04-30 20:45:04,1,2.3,1,N,48,249,1,11.4,1.0,0.5,3.28,0.0,1,19.68,2.5,0.0
2,2023-04-30 20:53:46,2023-04-30 20:58:17,1,0.67,1,N,90,249,1,6.5,1.0,0.5,0.0,0.0,1,11.5,2.5,0.0
2,2023-04-30 20:28:03,2023-04-30 21:02:25,1,20.39,2,N,132,166,1,70.0,0.0,0.5,7.8,6.55,1,85.85,0.0,0.0
2,2023-04-30 20:29:14,2023-04-30 20:43:37,1,6.24,1,N,132,139,1,26.8,1.0,0.5,7.76,0.0,1,38.81,0.0,1.75
2,2023-04-30 20:58:30,2023-04-30 21:17:50,1,10.06,1,N,138,211,1,40.1,6.0,0.5,10.37,0.0,1,62.22,2.5,1.75
2,2023-04-30 20:41:15,2023-04-30 21:10:03,2,19.39,1,N,138,14,1,71.6,6.0,0.5,16.17,0.0,1,97.02,0.0,1.75
1,2023-04-30 20:30:00,2023-04-30 20:52:39,1,11.2,1,N,138,250,3,45.0,7.75,0.5,0.0,6.55,1,60.8,0.0,1.75
2,2023-04-30 20:03:37,2023-04-30 20:33:02,1,15.35,1,N,132,89,1,60.4,1.0,0.5,12.58,0.0,1,77.23,0.0,1.75
2,2023-04-30 20:44:27,2023-04-30 21:05:55,1,13.37,1,N,132,91,1,51.3,1.0,0.5,6.0,0.0,1,61.55,0.0,1.75
2,2023-04-30 20:11:22,2023-04-30 20:24:21,2,3.38,1,N,107,263,1,17.0,1.0,0.5,2.0,0.0,1,24.0,2.5,0.0
2,2023-04-30 20:32:25,2023-04-30 20:58:22,1,9.95,1,N,132,198,2,40.8,1.0,0.5,0.0,0.0,1,45.05,0.0,1.75
2,2023-04-30 20:25:15,2023-04-30 20:55:30,2,19.08,2,N,132,246,1,70.0,0.0,0.5,10.0,6.55,1,90.55,2.5,0.0
1,2023-04-30 20:29:58,2023-04-30 20:41:48,1,5.3,1,N,132,130,1,23.3,2.75,0.5,5.5,0.0,1,33.05,0.0,1.75
2,2023-04-30 20:23:30,2023-04-30 20:27:34,1,0.59,1,N,158,249,2,5.8,1.0,0.5,0.0,0.0,1,10.8,2.5,0.0
2,2023-04-30 20:38:14,2023-04-30 20:44:28,1,1.33,1,N,158,68,2,8.6,1.0,0.5,0.0,0.0,1,13.6,2.5,0.0
2,2023-04-30 20:48:55,2023-04-30 21:05:09,1,5.39,1,N,249,263,1,22.6,1.0,0.5,5.52,0.0,1,33.12,2.5,0.0
2,2023-04-30 20:13:15,2023-04-30 20:33:28,1,12.86,1,N,138,40,4,49.2,6.0,0.5,0.0,0.0,1,58.45,0.0,1.75
2,2023-04-30 20:21:36,2023-04-30 20:47:09,1,4.42,1,N,211,232,2,26.1,1.0,0.5,0.0,0.0,1,31.1,2.5,0.0
2,2023-04-30 20:48:23,2023-04-30 21:22:04,1,16.64,1,N,132,85,1,66.0,1.0,0.5,0.0,0.0,1,70.25,0.0,1.75
1,2023-04-30 20:03:05,2023-04-30 20:22:01,1,9.1,1,N,138,107,1,36.6,10.25,0.5,10.98,6.55,1,65.88,2.5,1.75
1,2023-04-30 20:30:35,2023-04-30 20:56:08,1,14.1,1,N,148,21,1,54.1,3.5,0.5,5.0,0.0,1,64.1,2.5,0.0
2,2023-04-30 20:09:27,2023-04-30 20:23:16,1,6.35,1,N,48,116,1,27.5,1.0,0.5,6.5,0.0,1,39.0,2.5,0.0
2,2023-04-30 20:30:13,2023-04-30 20:50:39,1,7.3,1,N,138,166,1,31.7,6.0,0.5,9.15,6.55,1,56.65,0.0,1.75
1,2023-04-30 20:28:38,2023-04-30 20:57:42,1,18.8,2,N,132,79,1,70.0,2.5,0.5,18.5,0.0,1,92.5,2.5,0.0
2,2023-04-30 20:18:03,2023-04-30 20:35:52,1,4.81,1,N,249,189,2,23.3,1.0,0.5,0.0,0.0,1,28.3,2.5,0.0
2,2023-04-30 20:21:15,2023-04-30 20:41:37,1,10.71,1,N,132,70,1,42.2,1.0,0.5,11.61,0.0,1,58.06,0.0,1.75
2,2023-04-30 20:23:00,2023-04-30 20:56:36,2,20.33,2,N,132,238,1,70.0,0.0,0.5,20.14,6.55,1,100.69,2.5,0.0
1,2023-04-30 20:27:54,2023-04-30 20:42:52,1,5.4,1,N,138,157,2,24.7,7.75,0.5,0.0,0.0,1,33.95,0.0,1.75
2,2023-04-30 20:04:03,2023-04-30 20:13:07,1,1.62,1,N,141,230,1,10.7,1.0,0.5,3.14,0.0,1,18.84,2.5,0.0
2,2023-04-30 20:15:33,2023-04-30 20:30:20,1,1.47,1,N,230,162,2,14.9,1.0,0.5,0.0,0.0,1,19.9,2.5,0.0
2,2023-04-30 20:12:07,2023-04-30 20:14:22,1,0.83,1,N,90,100,1,5.8,1.0,0.5,1.0,0.0,1,11.8,2.5,0.0
2,2023-04-30 20:23:00,2023-04-30 20:29:42,2,2.28,1,N,234,48,1,10.7,1.0,0.5,3.14,0.0,1,18.84,2.5,0.0
1,2023-04-30 20:04:34,2023-04-30 20:14:03,1,2.6,1,N,163,68,1,12.8,3.5,0.5,3.55,0.0,1,21.35,2.5,0.0
1,2023-04-30 20:14:08,2023-04-30 20:26:14,1,2.5,1,N,68,87,1,12.8,3.5,0.5,3.55,0.0,1,21.35,2.5,0.0
1,2023-04-30 20:53:22,2023-04-30 21:01:23,1,1.8,1,N,90,230,1,10.0,3.5,0.5,3.0,0.0,1,18.0,2.5,0.0
2,2023-04-30 20:32:50,2023-04-30 20:52:57,1,10.03,1,N,138,61,1,40.8,6.0,0.5,0.0,0.0,1,50.05,0.0,1.75
2,2023-04-30 20:30:24,2023-04-30 20:42:38,1,3.49,1,N,79,50,1,17.0,1.0,0.5,6.6,0.0,1,28.6,2.5,0.0
1,2023-04-30 20:01:54,2023-04-30 20:21:46,1,9.4,1,N,138,49,1,37.3,7.75,0.5,9.3,0.0,1,55.85,0.0,1.75
1,2023-04-30 20:46:31,2023-04-30 21:02:20,2,7.6,1,N,138,145,1,30.3,7.75,0.5,7.9,0.0,1,47.45,0.0,1.75
2,2023-04-30 20:14:40,2023-04-30 20:30:30,1,9.09,1,N,163,127,1,35.9,1.0,0.5,4.09,0.0,1,44.99,2.5,0.0
1,2023-04-30 20:00:39,2023-04-30 20:05:21,1,1.3,1,N,264,186,1,8.6,3.5,0.5,0.0,0.0,1,13.6,2.5,0.0
2,2023-04-30 19:55:20,2023-04-30 20:31:52,1,20.55,2,N,132,239,1,70.0,0.0,0.5,16.46,6.55,1,98.76,2.5,1.75
2,2023-04-30 20:24:40,2023-04-30 20:40:39,1,4.45,1,N,138,82,1,21.9,6.0,0.5,5.55,0.0,1,36.7,0.0,1.75
2,2023-04-30 20:21:47,2023-04-30 20:33:11,1,4.21,1,N,138,92,1,19.1,6.0,0.5,5.32,0.0,1,33.67,0.0,1.75
2,2023-04-30 20:53:47,2023-04-30 21:16:55,2,18.27,2,N,132,263,1,70.0,0.0,0.5,19.51,6.55,1,99.31,0.0,1.75
2,2023-04-30 20:12:52,2023-04-30 20:43:18,1,11.29,1,N,132,225,1,47.8,1.0,0.5,4.0,0.0,1,54.3,0.0,0.0
2,2023-04-30 20:18:57,2023-04-30 20:19:23,1,0.06,2,N,170,170,1,70.0,0.0,0.5,15.0,6.55,1,95.55,2.5,0.0
2,2023-04-30 20:11:49,2023-04-30 20:36:31,1,11.1,1,N,138,163,1,45.7,6.0,0.5,5.0,6.55,1,69.0,2.5,1.75
1,2023-04-30 20:21:43,2023-04-30 20:43:23,1,11.4,1,N,138,181,1,45.0,7.75,0.5,10.85,0.0,1,65.1,0.0,1.75
1,2023-04-30 20:23:44,2023-04-30 20:26:00,1,0.6,1,N,132,132,3,5.1,1.0,0.5,0.0,0.0,1,7.6,0.0,0.0
1,2023-04-30 20:26:39,2023-04-30 20:51:38,1,16.7,2,N,132,224,1,70.0,2.5,0.5,10.0,6.55,1,90.55,2.5,0.0
2,2023-04-30 20:21:22,2023-04-30 20:43:05,1,8.1,1,N,125,152,1,35.2,1.0,0.5,8.04,0.0,1,48.24,2.5,0.0
2,2023-04-30 20:09:30,2023-04-30 20:14:03,1,1.68,1,N,170,79,1,8.6,1.0,0.5,2.72,0.0,1,16.32,2.5,0.0
2,2023-04-30 20:19:43,2023-04-30 20:35:20,1,6.57,1,N,79,236,1,28.2,1.0,0.5,6.64,0.0,1,39.84,2.5,0.0
2,2023-04-30 20:08:25,2023-04-30 20:27:36,1,6.07,1,N,90,75,1,27.5,1.0,0.5,6.5,0.0,1,39.0,2.5,0.0
2,2023-04-30 20:23:12,2023-04-30 20:26:43,5,1.19,1,N,162,137,1,7.2,1.0,0.5,3.66,0.0,1,15.86,2.5,0.0
1,2023-04-30 20:08:16,2023-04-30 20:33:11,1,12.5,1,N,138,265,1,48.5,7.75,0.5,11.55,0.0,1,69.3,0.0,1.75
2,2023-04-30 20:05:28,2023-04-30 20:39:50,1,18.32,2,N,132,90,1,70.0,0.0,0.5,9.05,6.55,1,91.35,2.5,1.75
2,2023-04-30 20:06:47,2023-04-30 20:35:49,2,16.93,1,N,132,256,1,63.9,1.0,0.5,13.28,0.0,1,81.43,0.0,1.75
1,2023-04-30 20:21:27,2023-04-30 20:26:25,1,1.2,1,N,249,231,1,7.9,3.5,0.5,2.55,0.0,1,15.45,2.5,0.0
1,2023-04-30 20:35:32,2023-04-30 20:51:48,1,3.3,1,N,186,140,1,19.8,3.5,0.5,1.0,0.0,1,25.8,2.5,0.0
2,2023-04-30 20:13:22,2023-04-30 20:28:45,1,9.44,1,N,138,229,1,36.6,6.0,0.5,10.63,6.55,1,65.53,2.5,1.75
2,2023-04-30 20:08:45,2023-04-30 20:16:31,1,1.66,1,N,236,143,1,10.7,1.0,0.5,3.14,0.0,1,18.84,2.5,0.0
2,2023-04-30 20:35:15,2023-04-30 21:12:02,1,22.87,1,N,132,259,1,85.6,1.0,0.5,0.0,6.55,1,96.4,0.0,1.75
1,2023-04-30 20:07:24,2023-04-30 20:34:16,1,17.1,1,N,132,21,1,64.6,2.75,0.5,0.0,0.0,1,68.85,0.0,1.75
2,2023-04-30 20:36:36,2023-04-30 20:51:07,2,8.32,1,N,70,137,1,32.4,6.0,0.5,10.14,6.55,1,60.84,2.5,1.75
2,2023-04-30 20:03:17,2023-04-30 20:17:33,1,6.57,1,N,236,244,1,27.5,1.0,0.5,6.5,0.0,1,39.0,2.5,0.0
2,2023-04-30 20:38:20,2023-04-30 20:49:28,1,3.14,1,N,236,246,1,15.6,1.0,0.5,2.0,0.0,1,22.6,2.5,0.0
2,2023-04-30 20:52:51,2023-04-30 21:07:30,1,3.5,1,N,246,4,2,18.4,1.0,0.5,0.0,0.0,1,23.4,2.5,0.0
1,2023-04-30 20:16:01,2023-04-30 20:38:48,1,6.4,1,N,246,230,1,27.5,3.5,0.5,5.0,0.0,1,37.5,2.5,0.0
2,2023-04-30 20:49:30,2023-04-30 21:04:14,2,8.18,1,N,132,95,2,32.4,1.0,0.5,0.0,0.0,1,36.65,0.0,1.75
2,2023-04-30 20:28:37,2023-04-30 21:02:59,2,20.14,2,N,132,13,1,70.0,0.0,0.5,15.15,0.0,1,90.9,2.5,1.75
1,2023-04-30 20:09:51,2023-04-30 20:31:24,1,5.9,1,N,237,223,1,26.8,3.5,0.5,6.0,0.0,1,37.8,2.5,0.0
1,2023-04-30 20:43:05,2023-04-30 21:10:09,1,11.4,1,N,138,61,1,47.1,7.75,0.5,11.25,0.0,1,67.6,0.0,1.75
2,2023-04-30 20:04:18,2023-04-30 20:28:19,1,6.31,1,N,79,151,1,31.0,1.0,0.5,9.0,0.0,1,45.0,2.5,0.0
2,2023-04-30 20:51:21,2023-04-30 21:07:42,1,4.51,1,N,163,151,1,21.2,1.0,0.5,5.24,0.0,1,31.44,2.5,0.0
1,2023-04-30 20:28:51,2023-04-30 21:04:09,1,18.5,1,N,132,133,1,68.1,2.75,0.5,14.45,0.0,1,86.8,0.0,1.75
1,2023-04-30 20:24:26,2023-04-30 20:42:51,2,10.8,1,N,132,191,2,41.5,2.75,0.5,0.0,0.0,1,45.75,0.0,1.75
2,2023-04-30 20:05:51,2023-04-30 20:12:33,1,0.87,1,N,162,100,1,7.9,1.0,0.5,2.58,0.0,1,15.48,2.5,0.0
2,2023-04-30 20:15:59,2023-04-30 20:39:14,1,17.23,2,N,132,170,1,70.0,0.0,0.5,8.0,6.55,1,88.55,2.5,0.0
1,2023-04-30 20:15:16,2023-04-30 20:34:10,1,4.1,1,N,164,145,1,21.2,3.5,0.5,0.0,0.0,1,26.2,2.5,0.0
1,2023-04-30 20:15:26,2023-04-30 20:39:46,1,8.6,1,N,138,225,1,35.2,7.75,0.5,8.9,0.0,1,53.35,0.0,1.75
1,2023-04-30 20:05:43,2023-04-30 20:39:36,1,15.7,1,N,132,146,1,60.4,2.75,0.5,10.0,0.0,1,74.65,0.0,1.75
2,2023-04-30 20:15:01,2023-04-30 20:30:33,1,3.63,1,N,48,148,1,18.4,1.0,0.5,4.68,0.0,1,28.08,2.5,0.0
2,2023-04-30 20:31:37,2023-04-30 20:49:51,1,3.38,1,N,148,186,1,19.8,1.0,0.5,4.96,0.0,1,29.76,2.5,0.0
2,2023-04-30 20:05:30,2023-04-30 20:11:00,1,1.47,1,N,230,229,2,8.6,1.0,0.5,0.0,0.0,1,13.6,2.5,0.0
2,2023-04-30 20:04:29,2023-04-30 20:28:06,1,6.75,1,N,142,232,1,31.7,1.0,0.5,7.34,0.0,1,44.04,2.5,0.0
2,2023-04-30 20:38:01,2023-04-30 20:48:22,1,4.4,1,N,138,196,2,19.8,6.0,0.5,0.0,0.0,1,29.05,0.0,1.75
2,2023-04-30 20:23:46,2023-04-30 20:45:16,1,15.43,1,N,132,16,2,57.6,1.0,0.5,0.0,0.0,1,60.1,0.0,0.0
2,2023-04-30 20:29:37,2023-04-30 20:38:32,1,1.76,1,N,146,179,2,11.4,1.0,0.5,0.0,0.0,1,13.9,0.0,0.0
2,2023-04-30 20:56:02,2023-04-30 21:21:11,1,10.29,1,N,138,142,1,42.2,6.0,0.5,15.66,0.0,1,69.61,2.5,1.75
2,2023-04-30 20:10:08,2023-04-30 20:29:10,3,9.45,1,N,138,100,1,38.0,6.0,0.5,16.89,6.55,1,73.19,2.5,1.75
2,2023-04-30 20:33:20,2023-04-30 20:39:10,3,0.97,1,N,100,68,2,7.9,1.0,0.5,0.0,0.0,1,12.9,2.5,0.0
1,2023-04-30 20:11:59,2023-04-30 20:18:46,1,1.4,1,N,162,163,1,8.6,3.5,0.5,1.4,0.0,1,15.0,2.5,0.0
1,2023-04-30 20:58:48,2023-04-30 21:16:01,1,8.6,1,N,138,236,1,33.8,10.25,0.5,10.42,6.55,1,62.52,2.5,1.75
2,2023-04-30 20:18:22,2023-04-30 20:41:31,1,18.51,1,N,132,65,1,68.1,1.0,0.5,14.12,0.0,1,86.47,0.0,1.75
2,2023-04-30 20:10:59,2023-04-30 20:34:59,2,17.05,2,N,132,170,1,70.0,0.0,0.5,16.11,6.55,1,98.41,2.5,1.75
2,2023-04-30 20:41:36,2023-04-30 20:56:31,1,9.09,1,N,138,232,1,35.9,6.0,0.5,0.0,0.0,1,47.65,2.5,1.75
2,2023-04-30 20:12:20,2023-04-30 20:20:45,1,2.58,1,N,114,161,1,12.8,1.0,0.5,0.15,0.0,1,17.95,2.5,0.0
2,2023-04-30 20:45:30,2023-04-30 21:22:21,2,19.14,2,N,132,236,1,70.0,0.0,0.5,14.8,0.0,1,88.8,2.5,0.0
2,2023-04-30 20:30:53,2023-04-30 20:48:48,1,9.53,1,N,138,244,1,38.0,6.0,0.5,10.76,6.55,1,64.56,0.0,1.75
2,2023-04-30 20:21:35,2023-04-30 20:26:09,1,1.49,1,N,79,233,1,8.6,1.0,0.5,3.4,0.0,1,17.0,2.5,0.0
2,2023-04-30 20:17:43,2023-04-30 20:39:15,2,12.31,1,N,132,160,1,47.1,1.0,0.5,8.0,0.0,1,59.35,0.0,1.75
2,2023-04-30 20:04:01,2023-04-30 20:32:43,1,17.26,2,N,132,233,1,70.0,0.0,0.5,16.46,6.55,1,98.76,2.5,1.75
2,2023-04-30 20:02:30,2023-04-30 20:15:00,1,2.26,1,N,138,173,2,14.2,6.0,0.5,0.0,0.0,1,23.45,0.0,1.75
2,2023-04-30 20:28:42,2023-04-30 20:47:31,1,8.78,1,N,138,238,1,35.9,6.0,0.5,10.49,6.55,1,64.69,2.5,1.75
2,2023-04-30 20:41:05,2023-04-30 21:15:24,6,19.72,2,N,132,24,2,70.0,0.0,0.5,0.0,6.55,1,79.8,0.0,1.75
2,2023-04-30 19:58:45,2023-04-30 20:11:09,1,1.88,1,N,90,170,2,14.2,1.0,0.5,0.0,0.0,1,19.2,2.5,0.0
2,2023-04-30 20:26:56,2023-04-30 20:30:01,1,0.71,1,N,161,163,2,5.8,1.0,0.5,0.0,0.0,1,10.8,2.5,0.0
2,2023-04-30 20:57:57,2023-04-30 21:17:11,2,8.8,1,N,170,243,1,35.9,1.0,0.5,0.0,0.0,1,40.9,2.5,0.0
2,2023-04-30 20:17:25,2023-04-30 20:49:34,1,20.44,2,N,132,238,1,70.0,0.0,0.5,16.11,6.55,1,98.41,2.5,1.75
2,2023-04-30 20:36:59,2023-04-30 20:41:46,1,0.59,1,N,231,125,1,6.5,1.0,0.5,2.3,0.0,1,13.8,2.5,0.0
2,2023-04-30 20:02:50,2023-04-30 20:38:14,2,21.81,2,N,132,261,1,70.0,0.0,0.5,5.0,0.0,1,80.75,2.5,1.75
2,2023-04-30 20:18:05,2023-04-30 20:29:21,1,4.94,1,N,132,216,1,21.2,1.0,0.5,5.09,0.0,1,30.54,0.0,1.75
2,2023-04-30 20:56:52,2023-04-30 21:22:45,1,18.56,1,N,132,65,1,68.8,1.0,0.5,10.96,0.0,1,84.01,0.0,1.75
2,2023-04-30 20:36:33,2023-04-30 20:55:26,1,9.16,1,N,138,186,2,37.3,6.0,0.5,0.0,6.55,1,55.6,2.5,1.75
2,2023-04-30 20:12:21,2023-04-30 20:17:47,1,0.63,1,N,233,161,1,6.5,1.0,0.5,2.3,0.0,1,13.8,2.5,0.0
2,2023-04-30 20:53:14,2023-04-30 21:13:51,1,10.33,1,N,138,90,1,40.8,6.0,0.5,11.82,6.55,1,70.92,2.5,1.75
2,2023-04-30 20:34:48,2023-04-30 20:56:04,1,16.1,1,N,138,13,1,59.7,6.0,0.5,15.25,6.55,1,93.25,2.5,1.75
2,2023-04-30 20:39:44,2023-04-30 20:56:24,1,8.6,1,N,138,141,1,34.5,6.0,0.5,7.5,6.55,1,60.3,2.5,1.75
2,2023-04-30 20:07:26,2023-04-30 20:31:55,1,14.52,1,N,138,211,1,55.5,6.0,0.5,14.41,6.55,1,88.21,2.5,1.75
2,2023-04-30 20:55:43,2023-04-30 21:30:17,1,22.4,1,N,138,149,1,84.2,6.0,0.5,5.0,0.0,1,98.45,0.0,1.75
2,2023-04-30 20:33:49,2023-04-30 20:42:17,2,1.9,1,N,48,142,1,11.4,1.0,0.5,2.0,0.0,1,18.4,2.5,0.0
2,2023-04-30 20:27:34,2023-04-30 20:29:33,1,0.77,1,N,170,170,1,5.1,1.0,0.5,2.02,0.0,1,12.12,2.5,0.0
2,2023-04-30 20:36:20,2023-04-30 21:15:47,2,22.73,1,N,132,257,2,87.0,1.0,0.5,0.0,0.0,1,89.5,0.0,0.0
2,2023-04-30 20:11:48,2023-04-30 20:30:55,1,9.35,1,N,138,132,2,37.3,6.0,0.5,0.0,0.0,1,46.55,0.0,1.75
2,2023-04-30 20:50:35,2023-04-30 21:10:07,1,11.42,1,N,132,70,1,45.0,1.0,0.5,11.88,0.0,1,61.13,0.0,1.75
2,2023-04-30 20:34:34,2023-04-30 20:45:56,1,4.14,1,N,138,146,1,18.4,6.0,0.5,5.18,0.0,1,32.83,0.0,1.75
2,2023-04-30 20:06:27,2023-04-30 20:14:59,1,1.39,1,N,186,107,1,10.7,1.0,0.5,0.0,0.0,1,15.7,2.5,0.0
2,2023-04-30 20:29:43,2023-04-30 20:46:21,3,8.11,1,N,138,41,1,33.1,6.0,0.5,9.43,6.55,1,58.33,0.0,1.75
1,2023-04-30 20:04:12,2023-04-30 20:15:08,1,2.9,1,N,90,209,2,14.2,3.5,0.5,0.0,0.0,1,19.2,2.5,0.0
1,2023-04-30 20:48:58,2023-04-30 20:55:38,1,2.3,1,N,100,125,1,10.7,3.5,0.5,2.0,0.0,1,17.7,2.5,0.0
1,2023-04-30 20:21:33,2023-04-30 20:33:16,1,5.8,1,N,231,141,1,24.7,3.5,0.5,5.9,0.0,1,35.6,2.5,0.0
1,2023-04-30 20:55:39,2023-04-30 21:00:13,1,1.2,1,N,263,75,1,7.9,3.5,0.5,2.0,0.0,1,14.9,2.5,0.0
2,2023-04-30 20:18:17,2023-04-30 20:54:09,1,19.65,2,N,132,143,1,70.0,0.0,0.5,0.0,6.55,1,82.3,2.5,1.75
2,2023-04-30 20:00:52,2023-04-30 20:13:59,1,3.18,1,N,246,231,1,15.6,1.0,0.5,3.71,0.0,1,24.31,2.5,0.0
2,2023-04-30 20:13:27,2023-04-30 20:36:38,1,12.85,1,N,138,13,1,49.9,6.0,0.5,2.0,0.0,1,63.65,2.5,1.75
2,2023-04-30 20:49:09,2023-04-30 21:03:40,2,7.87,1,N,138,262,1,31.7,6.0,0.5,7.5,6.55,1,57.5,2.5,1.75
2,2023-04-30 20:01:04,2023-04-30 20:16:19,1,8.4,1,N,138,148,1,33.8,6.0,0.5,8.76,0.0,1,54.31,2.5,1.75
2,2023-04-30 20:34:49,2023-04-30 20:48:54,1,7.87,1,N,263,33,1,31.0,1.0,0.5,9.0,0.0,1,45.0,2.5,0.0
2,2023-04-30 20:06:02,2023-04-30 20:15:10,1,1.47,1,N,74,24,2,10.7,1.0,0.5,0.0,0.0,1,13.2,0.0,0.0
2,2023-04-30 20:41:57,2023-04-30 20:52:35,1,1.69,1,N,249,4,1,12.1,1.0,0.5,2.0,0.0,1,19.1,2.5,0.0
1,2023-04-30 20:28:28,2023-04-30 20:36:54,1,2.1,1,N,114,48,1,11.4,3.5,0.5,3.3,0.0,1,19.7,2.5,0.0
2,2023-04-30 20:03:08,2023-04-30 20:33:45,2,19.27,2,N,132,140,1,70.0,0.0,0.5,16.11,6.55,1,98.41,2.5,1.75
1,2023-04-30 20:42:46,2023-04-30 20:47:42,1,1.5,1,N,230,162,1,8.6,3.5,0.5,2.7,0.0,1,16.3,2.5,0.0
2,2023-04-30 20:15:41,2023-04-30 20:27:14,2,2.99,1,N,158,163,1,15.6,1.0,0.5,4.12,0.0,1,24.72,2.5,0.0
2,2023-04-30 20:56:19,2023-04-30 21:02:36,2,1.01,1,N,114,158,1,7.2,1.0,0.5,3.05,0.0,1,15.25,2.5,0.0
2,2023-04-30 19:50:23,2023-04-30 19:55:42,1,1.16,1,N,170,48,1,7.9,1.0,0.5,2.58,0.0,1,15.48,2.5,0.0
2,2023-04-30 20:03:53,2023-04-30 20:10:22,1,1.46,1,N,246,230,1,9.3,1.0,0.5,2.86,0.0,1,17.16,2.5,0.0
2,2023-04-30 20:21:09,2023-04-30 20:32:47,1,2.84,1,N,246,229,1,15.6,1.0,0.5,0.0,0.0,1,20.6,2.5,0.0
2,2023-04-30 20:36:13,2023-04-30 20:48:12,1,5.18,1,N,229,87,1,22.6,1.0,0.5,6.9,0.0,1,34.5,2.5,0.0
1,2023-04-30 20:11:36,2023-04-30 20:27:24,1,7.9,1,N,138,116,1,32.4,7.75,0.5,9.6,6.55,1,57.8,0.0,1.75
2,2023-04-30 20:19:32,2023-04-30 20:34:16,1,5.39,1,N,132,216,1,24.0,1.0,0.5,5.3,0.0,1,33.55,0.0,1.75
2,2023-04-30 20:38:15,2023-04-30 20:53:57,2,3.44,1,N,100,151,1,19.1,1.0,0.5,4.82,0.0,1,28.92,2.5,0.0
2,2023-04-30 20:36:36,2023-04-30 20:44:51,1,2.44,1,N,186,148,1,12.1,1.0,0.5,1.0,0.0,1,18.1,2.5,0.0
2,2023-04-30 20:46:18,2023-04-30 21:12:07,1,16.0,1,N,132,29,1,61.8,1.0,0.5,13.21,0.0,1,79.26,0.0,1.75
2,2023-04-30 20:34:57,2023-04-30 20:52:38,2,7.44,1,N,132,258,1,31.7,1.0,0.5,2.0,0.0,1,37.95,0.0,1.75
2,2023-04-30 20:24:04,2023-04-30 20:45:31,2,16.95,2,N,132,170,1,70.0,0.0,0.5,16.11,6.55,1,98.41,2.5,1.75
2,2023-04-30 20:12:14,2023-04-30 20:29:10,1,7.93,1,N,138,41,1,32.4,6.0,0.5,9.29,6.55,1,57.49,0.0,1.75
2,2023-04-30 20:46:21,2023-04-30 20:57:51,1,3.05,1,N,162,211,1,15.6,1.0,0.5,4.12,0.0,1,24.72,2.5,0.0
2,2023-04-30 20:17:42,2023-04-30 20:22:19,3,0.87,1,N,142,239,1,7.2,1.0,0.5,2.44,0.0,1,14.64,2.5,0.0
2,2023-04-30 20:29:07,2023-04-30 20:33:46,1,0.82,1,N,90,234,1,7.2,1.0,0.5,0.0,0.0,1,12.2,2.5,0.0
2,2023-04-30 20:00:48,2023-04-30 20:21:04,1,10.52,1,N,138,181,1,40.8,6.0,0.5,9.66,0.0,1,59.71,0.0,1.75
2,2023-04-30 20:29:38,2023-04-30 20:55:48,1,19.58,2,N,132,263,1,70.0,0.0,0.5,20.58,6.55,1,102.88,2.5,1.75
2,2023-04-30 20:30:29,2023-04-30 20:38:31,1,2.11,1,N,158,224,1,11.4,1.0,0.5,3.28,0.0,1,19.68,2.5,0.0
1,2023-04-30 20:31:23,2023-04-30 20:53:58,1,9.5,1,N,70,142,1,39.4,10.25,0.5,11.5,6.55,1,69.2,2.5,1.75
2,2023-04-30 20:12:52,2023-04-30 20:19:11,1,1.12,1,N,164,107,1,8.6,1.0,0.5,3.0,0.0,1,16.6,2.5,0.0
1,2023-04-30 20:10:21,2023-04-30 20:48:49,2,27.4,1,N,132,181,1,100.3,2.75,0.5,20.9,0.0,1,125.45,0.0,1.75
2,2023-04-30 20:15:23,2023-04-30 20:22:26,2,3.53,1,N,138,92,1,15.6,6.0,0.5,4.62,0.0,1,29.47,0.0,1.75
2,2023-04-30 20:36:10,2023-04-30 20:53:19,1,11.29,1,N,138,37,2,42.9,6.0,0.5,0.0,0.0,1,52.15,0.0,1.75
2,2023-04-30 20:19:34,2023-04-30 20:42:14,1,6.09,1,N,107,179,1,28.9,1.0,0.5,6.78,0.0,1,40.68,2.5,0.0
2,2023-04-30 20:17:04,2023-04-30 20:47:10,1,14.42,1,N,132,165,1,57.6,1.0,0.5,12.37,0.0,1,74.22,0.0,1.75
2,2023-04-30 20:24:01,2023-04-30 20:47:09,1,15.57,1,N,132,201,1,57.6,1.0,0.5,10.0,2.45,1,72.55,0.0,0.0
2,2023-04-30 20:09:03,2023-04-30 20:48:36,1,24.0,2,N,132,142,1,70.0,0.0,0.5,12.34,6.55,1,94.64,2.5,1.75
1,2023-04-30 20:51:19,2023-04-30 21:09:34,1,9.0,1,N,138,151,1,36.6,7.75,0.5,15.7,6.55,1,68.1,0.0,1.75
2,2023-04-30 20:56:59,2023-04-30 21:06:29,1,5.19,1,N,132,218,1,21.9,1.0,0.5,5.0,0.0,1,31.15,0.0,1.75
2,2023-04-30 20:02:09,2023-04-30 20:03:49,1,0.49,1,N,114,211,1,4.4,1.0,0.5,2.35,0.0,1,11.75,2.5,0.0
2,2023-04-30 20:22:19,2023-04-30 20:27:07,1,1.23,1,Y,263,262,1,7.9,1.0,0.5,3.23,0.0,1,16.13,2.5,0.0
2,2023-04-30 20:30:43,2023-04-30 20:34:17,1,1.02,1,Y,263,75,1,6.5,1.0,0.5,2.3,0.0,1,13.8,2.5,0.0
2,2023-04-30 20:48:39,2023-04-30 21:03:25,1,10.12,1,N,138,148,1,38.7,6.0,0.5,9.74,0.0,1,60.19,2.5,1.75
2,2023-04-30 20:12:17,2023-04-30 20:35:43,1,10.91,1,N,264,264,1,45.0,1.0,0.5,9.0,0.0,1,59.0,2.5,0.0
2,2023-04-30 20:46:59,2023-04-30 21:01:28,1,8.22,1,N,138,137,1,32.4,6.0,0.5,9.79,6.55,1,60.49,2.5,1.75
2,2023-04-30 20:26:03,2023-04-30 20:49:50,1,17.25,2,N,132,170,1,70.0,0.0,0.5,8.23,6.55,1,90.53,2.5,1.75
2,2023-04-30 20:04:25,2023-04-30 20:35:53,1,17.82,2,N,132,234,1,70.0,0.0,0.5,10.0,6.55,1,92.3,2.5,1.75
2,2023-04-30 20:39:42,2023-04-30 20:57:37,1,4.96,1,N,186,186,1,23.3,1.0,0.5,1.0,0.0,1,29.3,2.5,0.0
2,2023-04-30 20:21:47,2023-04-30 20:39:10,1,10.7,1,N,138,65,1,42.2,6.0,0.5,9.94,0.0,1,61.39,0.0,1.75
2,2023-04-30 20:41:56,2023-04-30 21:12:38,2,17.68,2,N,132,229,1,70.0,0.0,0.5,11.36,0.0,1,87.11,2.5,1.75
2,2023-04-30 20:29:43,2023-04-30 20:44:49,1,8.84,1,N,138,137,1,34.5,6.0,0.5,10.56,6.55,1,63.36,2.5,1.75
1,2023-04-30 20:00:07,2023-04-30 20:06:00,1,1.2,1,N,114,186,1,7.9,3.5,0.5,1.29,0.0,1,14.19,2.5,0.0
1,2023-04-30 20:17:27,2023-04-30 20:32:33,1,3.6,1,N,68,229,1,17.0,3.5,0.5,1.0,2.0,1,25.0,2.5,0.0
1,2023-04-30 20:43:09,2023-04-30 21:08:39,1,4.7,1,N,142,116,1,24.7,3.5,0.5,6.35,2.0,1,38.05,2.5,0.0
2,2023-04-30 20:15:21,2023-04-30 20:30:36,1,9.79,1,N,132,95,1,38.0,1.0,0.5,5.0,0.0,1,47.25,0.0,1.75
2,2023-04-30 20:51:55,2023-04-30 21:14:20,1,17.24,2,N,132,170,1,70.0,0.0,0.5,16.11,6.55,1,96.66,2.5,0.0
2,2023-04-30 20:43:13,2023-04-30 21:02:47,1,9.79,1,N,138,239,1,39.4,6.0,0.5,2.0,6.55,1,59.7,2.5,1.75
2,2023-04-30 20:34:54,2023-04-30 20:42:39,1,2.12,1,N,68,143,1,11.4,1.0,0.5,4.1,0.0,1,20.5,2.5,0.0
2,2023-04-30 20:57:23,2023-04-30 21:18:32,1,9.71,1,N,132,37,1,38.7,1.0,0.5,8.24,0.0,1,51.19,0.0,1.75
2,2023-04-30 20:58:06,2023-04-30 21:17:26,1,11.09,1,N,138,181,1,43.6,6.0,0.5,7.0,0.0,1,59.85,0.0,1.75
2,2023-04-30 20:30:09,2023-04-30 20:42:00,1,5.87,1,N,132,197,2,24.0,1.0,0.5,0.0,0.0,1,29.0,2.5,0.0
2,2023-04-30 20:49:54,2023-04-30 21:17:20,1,16.95,2,N,132,141,1,70.0,0.0,0.5,15.15,0.0,1,90.9,2.5,1.75
1,2023-04-30 20:35:05,2023-04-30 21:12:45,2,19.5,1,N,132,230,1,75.1,5.25,0.5,17.65,6.55,1,106.05,2.5,1.75
2,2023-04-30 20:24:11,2023-04-30 20:49:57,1,10.73,1,N,138,142,1,44.3,6.0,0.5,12.17,6.55,1,74.77,2.5,1.75
1,2023-04-30 20:19:55,2023-04-30 20:48:03,1,17.6,2,N,132,48,1,70.0,4.25,0.5,16.45,6.55,1,98.75,2.5,1.75
2,2023-04-30 20:00:37,2023-04-30 20:11:31,1,2.16,1,N,234,148,2,12.8,1.0,0.5,0.0,0.0,1,17.8,2.5,0.0
2,2023-04-30 20:09:54,2023-04-30 20:13:42,1,1.11,1,N,239,238,1,7.2,1.0,0.5,2.44,0.0,1,14.64,2.5,0.0
2,2023-04-30 20:29:08,2023-04-30 20:33:23,1,1.27,1,N,142,239,1,7.9,1.0,0.5,3.0,0.0,1,15.9,2.5,0.0
2,2023-04-30 20:25:34,2023-04-30 20:33:50,1,3.15,1,N,132,216,1,14.9,1.0,0.5,3.48,0.0,1,22.63,0.0,1.75
2,2023-04-30 20:55:50,2023-04-30 21:24:50,1,17.66,2,N,132,68,4,70.0,0.0,0.5,0.0,6.55,1,82.3,2.5,1.75
2,2023-04-30 20:40:56,2023-04-30 20:55:04,1,3.6,1,N,229,45,2,18.4,1.0,0.5,0.0,0.0,1,23.4,2.5,0.0
2,2023-04-30 20:06:25,2023-04-30 20:48:36,1,19.1,2,N,132,234,2,70.0,0.0,0.5,0.0,6.55,1,82.3,2.5,1.75
2,2023-04-30 20:06:05,2023-04-30 20:15:21,1,4.67,1,N,132,216,1,19.8,1.0,0.5,0.0,0.0,1,24.05,0.0,1.75
2,2023-04-30 20:37:48,2023-04-30 21:04:10,1,17.94,2,N,132,68,1,70.0,0.0,0.5,16.46,6.55,1,98.76,2.5,1.75
2,2023-04-30 20:16:47,2023-04-30 20:39:06,1,10.86,1,N,138,258,1,42.9,6.0,0.5,1.0,0.0,1,53.15,0.0,1.75
2,2023-04-30 20:31:22,2023-04-30 20:45:35,6,9.53,1,N,138,232,1,36.6,6.0,0.5,4.84,0.0,1,53.19,2.5,1.75
1,2023-04-30 20:03:52,2023-04-30 20:13:47,2,1.8,1,N,79,186,1,11.4,3.5,0.5,3.0,0.0,1,19.4,2.5,0.0
2,2023-04-30 20:24:52,2023-04-30 20:53:12,1,13.09,1,N,138,61,1,52.7,6.0,0.5,15.49,0.0,1,77.44,0.0,1.75
2,2023-04-30 20:10:51,2023-04-30 20:21:55,1,3.91,1,N,230,74,2,17.0,1.0,0.5,0.0,0.0,1,22.0,2.5,0.0
2,2023-04-30 20:34:11,2023-04-30 20:46:55,1,7.47,1,N,138,262,2,29.6,6.0,0.5,0.0,6.55,1,47.9,2.5,1.75
2,2023-04-30 20:05:25,2023-04-30 20:14:21,1,1.23,1,N,79,249,1,10.0,1.0,0.5,3.0,0.0,1,18.0,2.5,0.0
2,2023-04-30 20:22:12,2023-04-30 20:31:34,1,2.23,1,N,230,249,1,12.1,1.0,0.5,2.0,0.0,1,19.1,2.5,0.0
2,2023-04-30 20:57:59,2023-04-30 21:05:26,1,1.0,1,N,24,41,2,9.3,1.0,0.5,0.0,0.0,1,11.8,0.0,0.0
2,2023-04-30 20:17:03,2023-04-30 20:21:07,2,0.61,1,N,114,211,1,6.5,1.0,0.5,2.88,0.0,1,14.38,2.5,0.0
2,2023-04-30 20:27:58,2023-04-30 20:34:28,2,1.37,1,N,249,107,1,9.3,1.0,0.5,2.86,0.0,1,17.16,2.5,0.0
1,2023-04-30 20:11:13,2023-04-30 20:28:15,1,5.0,1,N,148,263,1,21.9,3.5,0.5,0.0,0.0,1,26.9,2.5,0.0
2,2023-04-30 20:08:51,2023-04-30 20:38:45,1,17.65,2,N,132,164,1,70.0,0.0,0.5,20.14,6.55,1,102.44,2.5,1.75
2,2023-04-30 20:41:56,2023-04-30 20:58:06,1,10.45,4,N,132,265,1,49.9,1.0,0.5,10.48,0.0,1,64.63,0.0,1.75
2,2023-04-30 20:20:44,2023-04-30 20:38:23,1,9.89,1,N,138,244,1,39.4,6.0,0.5,10.69,6.55,1,65.89,0.0,1.75
2,2023-04-30 20:05:24,2023-04-30 20:32:02,1,14.83,1,N,138,211,1,56.2,6.0,0.5,14.55,6.55,1,89.05,2.5,1.75
2,2023-04-30 20:32:44,2023-04-30 20:47:37,1,4.03,1,N,90,66,1,19.1,1.0,0.5,4.82,0.0,1,28.92,2.5,0.0
2,2023-04-30 20:40:24,2023-04-30 20:47:34,1,1.63,1,N,114,107,1,10.0,1.0,0.5,2.5,0.0,1,17.5,2.5,0.0
2,2023-04-30 20:16:53,2023-04-30 20:31:40,1,3.56,1,N,138,7,1,19.1,6.0,0.5,3.0,0.0,1,31.35,0.0,1.75
2,2023-04-30 20:45:53,2023-04-30 21:13:26,1,10.3,1,N,138,90,1,43.6,6.0,0.5,12.38,6.55,1,74.28,2.5,1.75
1,2023-04-30 20:20:19,2023-04-30 20:48:00,2,11.0,1,N,138,249,2,43.6,10.25,0.5,0.0,0.0,1,55.35,2.5,1.75
1,2023-04-30 20:58:15,2023-04-30 21:08:01,2,1.4,1,N,158,144,1,10.0,3.5,0.5,3.0,0.0,1,18.0,2.5,0.0
2,2023-04-30 20:56:16,2023-04-30 21:10:43,1,7.4,1,N,68,244,1,30.3,1.0,0.5,8.82,0.0,1,44.12,2.5,0.0
1,2023-04-30 20:00:16,2023-04-30 20:41:35,1,19.8,2,N,132,68,1,70.0,4.25,0.5,10.0,6.55,1,92.3,2.5,1.75
2,2023-04-30 20:24:06,2023-04-30 20:36:13,2,5.7,1,N,132,265,1,24.7,1.0,0.5,5.0,0.0,1,32.2,0.0,0.0
1,2023-04-30 20:53:51,2023-04-30 21:04:39,1,7.5,1,N,138,255,1,29.6,7.75,0.5,7.75,0.0,1,46.6,0.0,1.75
2,2023-04-30 20:10:21,2023-04-30 20:25:41,1,10.04,1,N,138,79,1,38.7,6.0,0.5,10.09,0.0,1,60.54,2.5,1.75
2,2023-04-30 20:15:21,2023-04-30 20:22:41,1,2.03,1,N,114,246,1,10.7,1.0,0.5,2.0,0.0,1,17.7,2.5,0.0
2,2023-04-30 20:54:02,2023-04-30 21:01:08,2,1.35,1,N,246,100,1,9.3,1.0,0.5,2.0,0.0,1,16.3,2.5,0.0
2,2023-04-30 20:56:49,2023-04-30 21:23:33,1,11.3,1,N,132,72,2,46.4,1.0,0.5,0.0,0.0,1,50.65,0.0,1.75
2,2023-04-30 20:48:02,2023-04-30 20:58:05,5,1.68,1,N,230,164,1,11.4,1.0,0.5,4.1,0.0,1,20.5,2.5,0.0
1,2023-04-30 20:37:07,2023-04-30 20:46:24,1,3.0,1,N,79,161,1,14.2,3.5,0.5,2.0,0.0,1,21.2,2.5,0.0
2,2023-04-30 20:16:25,2023-04-30 20:25:01,1,1.4,1,N,230,170,2,10.0,1.0,0.5,0.0,0.0,1,15.0,2.5,0.0
2,2023-04-30 20:31:51,2023-04-30 21:01:10,1,13.26,1,N,138,61,2,53.4,6.0,0.5,0.0,0.0,1,62.65,0.0,1.75
2,2023-04-30 20:51:30,2023-04-30 21:08:54,1,7.15,1,N,138,41,1,31.0,6.0,0.5,9.01,6.55,1,55.81,0.0,1.75
2,2023-04-30 20:11:06,2023-04-30 20:14:18,1,0.93,1,N,48,142,1,6.5,1.0,0.5,3.45,0.0,1,14.95,2.5,0.0
2,2023-04-30 20:37:33,2023-04-30 20:56:27,1,9.23,1,N,138,236,1,38.0,6.0,0.5,10.91,6.55,1,67.21,2.5,1.75
2,2023-04-30 20:13:01,2023-04-30 20:42:07,1,17.25,2,N,132,164,1,70.0,0.0,0.5,16.46,6.55,1,98.76,2.5,1.75
1,2023-04-30 20:54:57,2023-04-30 21:14:56,1,9.0,1,N,138,230,1,35.2,10.25,0.5,10.7,6.55,1,64.2,2.5,1.75
2,2023-04-30 20:01:19,2023-04-30 20:40:05,2,19.38,1,N,138,117,1,74.4,6.0,0.5,0.0,0.0,1,83.65,0.0,1.75
2,2023-04-30 20:23:06,2023-04-30 20:35:14,2,6.02,1,N,138,226,1,24.7,6.0,0.5,0.0,0.0,1,33.95,0.0,1.75
2,2023-04-30 20:51:51,2023-04-30 21:07:48,2,12.25,1,N,138,132,1,45.7,6.0,0.5,4.0,0.0,1,58.95,0.0,1.75
2,2023-04-30 20:02:11,2023-04-30 20:28:29,1,17.24,2,N,132,229,1,70.0,0.0,0.5,0.0,6.55,1,82.3,2.5,1.75
2,2023-04-30 20:28:53,2023-04-30 20:34:18,1,1.67,1,N,229,263,1,9.3,1.0,0.5,4.29,0.0,1,18.59,2.5,0.0
2,2023-04-30 20:19:06,2023-04-30 20:40:01,1,13.41,1,N,132,155,2,50.6,1.0,0.5,0.0,0.0,1,53.1,0.0,0.0
2,2023-04-30 20:15:47,2023-04-30 20:28:57,1,4.94,1,N,164,87,1,21.9,1.0,0.5,3.0,0.0,1,29.9,2.5,0.0
2,2023-04-30 20:22:51,2023-04-30 20:43:33,1,11.33,1,N,138,25,1,44.3,6.0,0.5,10.71,0.0,1,64.26,0.0,1.75
2,2023-04-30 20:58:31,2023-04-30 21:08:48,1,3.06,1,N,113,229,2,14.9,1.0,0.5,0.0,0.0,1,19.9,2.5,0.0
2,2023-04-30 20:10:21,2023-04-30 20:14:12,1,0.62,1,N,113,113,2,5.8,1.0,0.5,0.0,0.0,1,13.3,2.5,0.0
2,2023-04-30 20:20:45,2023-04-30 20:27:26,1,2.31,1,N,249,246,1,11.4,1.0,0.5,3.0,0.0,1,19.4,2.5,0.0
2,2023-04-30 20:34:21,2023-04-30 20:39:51,1,1.53,1,N,246,230,1,8.6,1.0,0.5,2.72,0.0,1,16.32,2.5,0.0
2,2023-04-30 20:15:11,2023-04-30 20:36:12,1,8.47,1,N,138,263,1,33.1,6.0,0.5,10.28,6.55,1,61.68,2.5,1.75
2,2023-04-30 20:37:20,2023-04-30 20:54:17,1,8.91,1,N,138,141,1,35.2,6.0,0.5,0.0,6.55,1,53.5,2.5,1.75
2,2023-04-30 20:58:21,2023-04-30 21:28:54,2,19.42,2,N,132,236,1,70.0,0.0,0.5,10.0,6.55,1,92.3,2.5,1.75
2,2023-04-30 20:24:35,2023-04-30 20:28:21,5,1.16,1,N,68,48,1,7.2,1.0,0.5,2.44,0.0,1,14.64,2.5,0.0
2,2023-04-30 20:52:54,2023-04-30 20:58:11,5,1.89,1,N,141,137,1,9.3,1.0,0.5,2.14,0.0,1,16.44,2.5,0.0
2,2023-04-30 20:56:39,2023-04-30 21:28:03,1,19.79,1,N,132,181,1,75.1,1.0,0.5,23.28,0.0,1,102.63,0.0,1.75
2,2023-04-30 20:26:45,2023-04-30 21:05:47,1,19.52,1,N,132,178,2,75.8,1.0,0.5,0.0,0.0,1,80.05,0.0,1.75
2,2023-04-30 20:06:25,2023-04-30 20:33:35,1,17.24,2,N,132,162,1,70.0,0.0,0.5,12.0,6.55,1,94.3,2.5,1.75
2,2023-04-30 20:39:52,2023-04-30 20:52:22,1,5.79,1,N,138,160,2,24.0,6.0,0.5,0.0,0.0,1,33.25,0.0,1.75
1,2023-04-30 20:50:42,2023-04-30 21:16:36,1,16.2,1,N,132,37,1,61.8,1.0,0.5,12.0,0.0,1,76.3,0.0,0.0
2,2023-04-30 20:33:28,2023-04-30 20:51:52,1,7.65,1,N,138,166,1,32.4,6.0,0.5,9.29,6.55,1,57.49,0.0,1.75
2,2023-04-30 20:37:33,2023-04-30 20:54:34,1,9.56,1,N,138,98,1,38.7,6.0,0.5,9.24,0.0,1,57.19,0.0,1.75
2,2023-04-30 20:30:02,2023-04-30 20:49:14,1,3.68,1,N,7,193,2,21.9,1.0,0.5,0.0,0.0,1,24.4,0.0,0.0
1,2023-04-30 20:46:52,2023-04-30 21:00:06,1,8.0,1,N,138,262,1,31.0,10.25,0.5,12.35,6.55,1,61.65,2.5,1.75
1,2023-04-30 20:04:11,2023-04-30 20:08:21,1,1.4,1,N,249,107,4,7.9,3.5,0.5,0.0,0.0,1,12.9,2.5,0.0
1,2023-04-30 20:52:55,2023-04-30 20:57:39,2,0.8,1,N,138,70,2,7.2,7.75,0.5,0.0,0.0,1,16.45,0.0,1.75
2,2023-04-30 20:08:22,2023-04-30 20:22:15,1,8.16,1,N,138,137,1,32.4,6.0,0.5,9.13,6.55,1,59.83,2.5,1.75
2,2023-04-30 20:27:10,2023-04-30 20:38:12,1,2.9,1,N,170,142,1,14.9,1.0,0.5,4.97,0.0,1,24.87,2.5,0.0
2,2023-04-30 20:11:24,2023-04-30 20:23:16,3,3.29,1,N,39,188,2,16.3,1.0,0.5,0.0,0.0,1,18.8,0.0,0.0
2,2023-04-30 20:44:35,2023-04-30 21:11:40,1,17.99,2,N,132,233,1,70.0,0.0,0.5,0.0,6.55,1,80.55,2.5,0.0
2,2023-04-30 20:14:39,2023-04-30 20:29:26,1,8.3,1,N,138,233,1,33.1,6.0,0.5,9.93,6.55,1,61.33,2.5,1.75
2,2023-04-30 20:54:41,2023-04-30 21:09:38,1,8.94,1,N,138,141,1,34.5,6.0,0.5,10.21,6.55,1,63.01,2.5,1.75
2,2023-04-30 20:42:43,2023-04-30 21:08:57,1,19.46,2,N,132,236,1,70.0,0.0,0.5,12.34,6.55,1,94.64,2.5,1.75
2,2023-04-30 20:40:09,2023-04-30 20:48:47,3,2.26,1,N,114,230,1,12.8,1.0,0.5,3.56,0.0,1,21.36,2.5,0.0
2,2023-04-30 20:13:55,2023-04-30 20:53:01,1,20.4,2,N,132,239,1,70.0,0.0,0.5,16.11,6.55,1,98.41,2.5,1.75
2,2023-04-30 20:27:46,2023-04-30 20:31:14,1,0.73,1,N,186,90,1,5.8,1.0,0.5,1.0,0.0,1,11.8,2.5,0.0
2,2023-04-30 20:36:46,2023-04-30 20:47:41,3,3.05,1,N,114,229,1,15.6,1.0,0.5,5.0,0.0,1,25.6,2.5,0.0
2,2023-04-30 20:19:27,2023-04-30 20:26:57,1,1.47,1,N,230,170,1,10.0,1.0,0.5,3.0,0.0,1,18.0,2.5,0.0
2,2023-04-30 20:39:55,2023-04-30 21:02:36,1,12.01,1,N,138,241,1,47.8,6.0,0.5,12.37,6.55,1,75.97,0.0,1.75
1,2023-04-30 20:02:50,2023-04-30 20:35:35,2,17.5,2,N,132,100,1,70.0,4.25,0.5,16.45,6.55,1,98.75,2.5,1.75
2,2023-04-30 20:28:29,2023-04-30 20:48:39,1,9.08,1,N,70,186,1,36.6,1.0,0.5,9.63,6.55,1,57.78,2.5,0.0
2,2023-04-30 20:05:48,2023-04-30 20:24:03,1,4.35,1,N,230,166,1,21.9,1.0,0.5,3.0,0.0,1,29.9,2.5,0.0
2,2023-04-30 20:02:45,2023-04-30 20:16:01,2,3.82,1,N,249,256,1,19.1,1.0,0.5,4.82,0.0,1,28.92,2.5,0.0
2,2023-04-30 20:39:54,2023-04-30 20:57:14,1,8.39,1,N,138,140,1,34.5,6.0,0.5,13.35,0.0,1,59.6,2.5,1.75
2,2023-04-30 20:56:37,2023-04-30 21:09:34,1,6.5,1,N,132,130,1,26.8,1.0,0.5,5.86,0.0,1,36.91,0.0,1.75
1,2023-04-30 20:01:32,2023-04-30 20:06:55,1,1.3,1,N,237,236,1,7.2,3.5,0.5,1.0,0.0,1,13.2,2.5,0.0
1,2023-04-30 20:17:09,2023-04-30 20:22:02,1,1.2,1,N,229,107,1,7.2,3.5,0.5,1.22,0.0,1,13.42,2.5,0.0
1,2023-04-30 20:20:46,2023-04-30 20:29:44,1,2.0,1,N,246,114,2,11.4,3.5,0.5,0.0,0.0,1,16.4,2.5,0.0
1,2023-04-30 20:34:58,2023-04-30 20:49:49,1,3.7,1,N,114,50,1,17.7,3.5,0.5,2.27,0.0,1,24.97,2.5,0.0
2,2023-04-30 20:01:55,2023-04-30 20:22:30,2,11.53,1,N,132,157,2,43.6,1.0,0.5,0.0,0.0,1,47.85,0.0,1.75
2,2023-04-30 20:40:44,2023-04-30 21:02:55,1,10.36,1,N,138,239,1,42.2,6.0,0.5,11.75,6.55,1,72.25,2.5,1.75
1,2023-04-30 20:07:04,2023-04-30 20:13:27,1,1.5,1,N,68,249,1,9.3,3.5,0.5,2.85,0.0,1,17.15,2.5,0.0
2,2023-04-30 20:16:57,2023-04-30 20:45:19,1,17.63,2,N,132,230,1,70.0,0.0,0.5,16.11,6.55,1,98.41,2.5,1.75
2,2023-04-30 20:19:34,2023-04-30 20:41:05,1,10.77,1,N,138,230,1,42.2,6.0,0.5,14.69,6.55,1,75.19,2.5,1.75
2,2023-04-30 20:12:55,2023-04-30 20:30:37,3,8.41,1,N,230,243,1,35.9,1.0,0.5,7.36,0.0,1,48.26,2.5,0.0
2,2023-04-30 20:57:28,2023-04-30 20:59:53,1,1.1,1,N,48,68,1,6.5,1.0,0.5,0.0,0.0,1,11.5,2.5,0.0
2,2023-04-30 20:38:20,2023-04-30 20:56:23,1,7.87,1,N,138,41,2,31.7,6.0,0.5,0.0,6.55,1,47.5,0.0,1.75
1,2023-04-30 20:19:28,2023-04-30 20:47:02,1,11.8,1,N,132,71,1,46.4,2.75,0.5,0.0,0.0,1,50.65,0.0,1.75
2,2023-04-30 20:29:47,2023-04-30 20:56:13,1,19.27,2,N,132,262,1,70.0,0.0,0.5,16.11,6.55,1,96.66,2.5,0.0
2,2023-04-30 20:56:53,2023-04-30 21:06:38,1,2.76,1,N,262,170,1,14.2,1.0,0.5,3.84,0.0,1,23.04,2.5,0.0
2,2023-04-30 20:13:52,2023-04-30 20:58:16,2,22.33,2,N,132,143,2,70.0,0.0,0.5,0.0,6.55,1,82.3,2.5,1.75
2,2023-04-30 20:30:10,2023-04-30 20:35:10,1,1.04,1,N,249,90,1,7.9,1.0,0.5,3.22,0.0,1,16.12,2.5,0.0
2,2023-04-30 20:15:11,2023-04-30 20:27:49,1,2.62,1,N,186,148,1,14.9,1.0,0.5,3.98,0.0,1,23.88,2.5,0.0
2,2023-04-30 20:19:47,2023-04-30 20:36:44,1,9.49,1,N,138,144,1,36.6,6.0,0.5,9.67,0.0,1,58.02,2.5,1.75
2,2023-04-30 20:41:24,2023-04-30 20:52:11,1,2.61,1,N,239,75,1,14.9,1.0,0.5,0.0,0.0,1,19.9,2.5,0.0
2,2023-04-30 20:28:15,2023-04-30 20:59:07,1,21.61,1,N,132,265,2,80.0,1.0,0.5,0.0,6.55,1,90.8,0.0,1.75
2,2023-04-30 20:05:20,2023-04-30 20:32:59,1,10.82,1,N,138,143,1,45.0,6.0,0.5,12.31,6.55,1,75.61,2.5,1.75
2,2023-04-30 20:13:14,2023-04-30 20:44:03,4,17.12,2,N,132,229,2,70.0,0.0,0.5,0.0,6.55,1,82.3,2.5,1.75
2,2023-04-30 20:35:11,2023-04-30 20:48:59,6,8.49,1,N,138,170,1,33.1,6.0,0.5,10.28,6.55,1,61.68,2.5,1.75
2,2023-04-30 20:21:49,2023-04-30 20:43:06,1,6.2,1,N,246,42,1,28.2,1.0,0.5,6.64,0.0,1,39.84,2.5,0.0
2,2023-04-30 20:18:27,2023-04-30 20:48:44,1,10.63,1,N,230,258,1,45.7,1.0,0.5,0.0,6.55,1,57.25,2.5,0.0
2,2023-04-30 20:31:17,2023-04-30 20:44:10,2,8.27,1,N,138,262,1,32.4,6.0,0.5,9.79,6.55,1,60.49,2.5,1.75
2,2023-04-30 20:48:48,2023-04-30 20:56:59,1,2.09,1,N,263,151,4,12.1,1.0,0.5,0.0,0.0,1,17.1,2.5,0.0
2,2023-04-30 20:07:35,2023-04-30 20:11:45,1,0.76,1,N,161,164,1,6.5,1.0,0.5,1.0,0.0,1,12.5,2.5,0.0
2,2023-04-30 20:15:34,2023-04-30 20:29:52,3,3.62,1,N,113,229,1,18.4,1.0,0.5,3.0,0.0,1,26.4,2.5,0.0
2,2023-04-30 20:35:22,2023-04-30 20:41:06,1,1.59,1,N,162,137,1,9.3,1.0,0.5,2.86,0.0,1,17.16,2.5,0.0
2,2023-04-30 20:27:49,2023-04-30 20:34:25,1,1.45,1,N,142,239,1,9.3,1.0,0.5,2.14,0.0,1,16.44,2.5,0.0
2,2023-04-30 20:15:28,2023-04-30 20:39:37,2,10.99,1,N,138,181,1,44.3,6.0,0.5,10.71,0.0,1,64.26,0.0,1.75
2,2023-04-30 20:08:59,2023-04-30 20:40:05,1,17.76,4,N,138,265,4,92.6,6.0,0.5,0.0,0.0,1,101.85,0.0,1.75
2,2023-04-30 20:28:59,2023-04-30 21:00:15,1,19.72,2,N,132,238,1,70.0,0.0,0.5,8.23,6.55,1,90.53,2.5,1.75
2,2023-04-30 20:28:01,2023-04-30 20:42:17,1,8.11,1,N,138,256,1,32.4,6.0,0.5,7.98,0.0,1,49.63,0.0,1.75
2,2023-04-30 20:59:27,2023-04-30 21:17:38,1,9.9,1,N,138,148,1,39.4,6.0,0.5,7.67,0.0,1,58.82,2.5,1.75
2,2023-04-30 20:06:58,2023-04-30 20:31:38,1,16.44,2,N,132,137,1,70.0,0.0,0.5,5.0,6.55,1,87.3,2.5,1.75
2,2023-04-30 20:33:20,2023-04-30 20:43:51,1,2.02,1,N,137,4,1,12.8,1.0,0.5,0.0,0.0,1,17.8,2.5,0.0
1,2023-04-30 20:53:34,2023-04-30 21:19:31,1,17.5,1,N,132,97,1,66.0,2.75,0.5,17.56,0.0,1,87.81,0.0,1.75
1,2023-04-30 20:08:21,2023-04-30 20:36:45,1,11.5,1,N,132,61,1,44.3,2.75,0.5,10.0,0.0,1,58.55,0.0,1.75
2,2023-04-30 20:48:04,2023-04-30 21:05:18,3,3.84,1,N,231,48,1,20.5,1.0,0.5,5.1,0.0,1,30.6,2.5,0.0
2,2023-04-30 20:45:07,2023-04-30 20:58:41,1,7.08,1,N,138,75,2,29.6,6.0,0.5,0.0,6.55,1,45.4,0.0,1.75
2,2023-04-30 20:07:37,2023-04-30 20:18:33,1,2.14,1,N,24,116,2,13.5,1.0,0.5,0.0,0.0,1,16.0,0.0,0.0
2,2023-04-30 20:42:56,2023-04-30 21:01:08,1,11.62,1,N,138,33,1,44.3,6.0,0.5,10.36,0.0,1,63.91,0.0,1.75
2,2023-04-30 20:08:50,2023-04-30 20:11:50,1,0.49,1,N,79,4,2,5.1,1.0,0.5,0.0,0.0,1,10.1,2.5,0.0
2,2023-04-30 20:19:40,2023-04-30 20:24:32,2,0.94,1,N,148,232,1,7.2,1.0,0.5,1.5,0.0,1,13.7,2.5,0.0
2,2023-04-30 20:44:11,2023-04-30 20:59:08,1,8.69,1,N,138,208,2,33.8,6.0,0.5,0.0,6.55,1,49.6,0.0,1.75
2,2023-04-30 20:41:29,2023-04-30 20:48:35,1,1.56,1,N,148,158,1,10.0,1.0,0.5,2.5,0.0,1,17.5,2.5,0.0
1,2023-04-30 20:24:39,2023-04-30 20:35:40,1,2.6,1,N,68,238,1,14.2,3.5,0.5,5.75,0.0,1,24.95,2.5,0.0
1,2023-04-30 20:52:10,2023-04-30 20:56:39,2,0.8,1,N,162,237,1,7.2,3.5,0.5,3.0,0.0,1,15.2,2.5,0.0
2,2023-04-30 20:06:16,2023-04-30 20:31:21,1,10.84,1,N,132,82,1,43.6,1.0,0.5,11.96,0.0,1,59.81,0.0,1.75
2,2023-04-30 20:17:08,2023-04-30 20:41:41,1,16.56,2,N,132,170,1,70.0,0.0,0.5,5.0,6.55,1,87.3,2.5,1.75
2,2023-04-30 20:08:02,2023-04-30 20:25:37,2,8.34,1,N,138,236,1,34.5,6.0,0.5,12.2,6.55,1,65.0,2.5,1.75
2,2023-04-30 20:03:12,2023-04-30 20:20:50,1,8.4,1,N,138,137,1,33.8,6.0,0.5,10.42,6.55,1,62.52,2.5,1.75
2,2023-04-30 20:55:25,2023-04-30 21:14:38,1,8.64,1,N,138,140,1,35.2,6.0,0.5,3.0,6.55,1,56.5,2.5,1.75
2,2023-04-30 20:32:31,2023-04-30 21:00:29,1,15.51,1,N,132,226,2,59.0,1.0,0.5,0.0,0.0,1,61.5,0.0,0.0
2,2023-04-30 20:28:36,2023-04-30 20:39:08,1,4.87,1,N,138,157,1,21.2,6.0,0.5,5.74,0.0,1,36.19,0.0,1.75
2,2023-04-30 20:51:01,2023-04-30 21:07:43,1,10.18,1,N,138,141,1,40.1,6.0,0.5,5.0,6.55,1,63.4,2.5,1.75
1,2023-04-30 20:12:03,2023-04-30 20:21:22,1,1.1,1,N,148,125,1,8.6,3.5,0.5,2.7,0.0,1,16.3,2.5,0.0
2,2023-04-30 20:51:25,2023-04-30 21:11:46,1,11.41,1,N,138,48,1,45.0,6.0,0.5,12.31,6.55,1,75.61,2.5,1.75
1,2023-04-30 20:13:36,2023-04-30 20:17:24,1,0.8,1,N,236,141,1,6.5,3.5,0.5,2.85,0.0,1,14.35,2.5,0.0
1,2023-04-30 20:34:57,2023-04-30 20:52:17,1,3.9,1,N,186,263,1,20.5,3.5,0.5,2.5,0.0,1,28.0,2.5,0.0
1,2023-04-30 20:24:11,2023-04-30 20:36:34,3,3.4,1,N,79,87,1,17.0,3.5,0.5,4.4,0.0,1,26.4,2.5,0.0
2,2023-04-30 20:02:51,2023-04-30 20:15:23,1,7.27,1,N,138,69,1,28.9,6.0,0.5,8.94,6.55,1,53.64,0.0,1.75
2,2023-04-30 20:51:39,2023-04-30 21:17:32,2,15.17,4,N,138,265,1,59.7,6.0,0.5,13.44,0.0,1,82.39,0.0,1.75
1,2023-04-30 20:49:06,2023-04-30 21:20:35,2,18.3,2,N,132,166,1,70.0,0.0,0.5,15.6,6.55,1,93.65,0.0,0.0
2,2023-04-30 20:22:15,2023-04-30 20:42:35,1,11.55,1,N,138,211,1,45.7,6.0,0.5,11.14,0.0,1,68.59,2.5,1.75
2,2023-04-30 20:20:37,2023-04-30 20:32:05,1,5.06,1,N,132,216,1,21.2,1.0,0.5,4.74,0.0,1,30.19,0.0,1.75
2,2023-04-30 20:11:44,2023-04-30 20:16:57,1,0.71,1,N,230,229,1,7.2,1.0,0.5,1.0,0.0,1,13.2,2.5,0.0
1,2023-04-30 20:41:20,2023-04-30 20:50:28,1,5.5,1,N,138,192,2,23.3,7.75,0.5,0.0,0.0,1,32.55,0.0,1.75
2,2023-04-30 20:07:43,2023-04-30 20:20:58,1,3.38,1,N,239,116,1,17.7,1.0,0.5,3.4,0.0,1,26.1,2.5,0.0
2,2023-04-30 20:34:11,2023-04-30 20:52:05,1,3.79,1,N,151,161,1,21.2,1.0,0.5,4.0,0.0,1,30.2,2.5,0.0
2,2023-04-30 20:21:48,2023-04-30 20:43:10,1,11.14,1,N,138,87,1,44.3,6.0,0.5,11.21,0.0,1,67.26,2.5,1.75
2,2023-04-30 20:15:02,2023-04-30 20:31:34,3,12.27,1,N,138,40,1,45.7,6.0,0.5,10.64,0.0,1,65.59,0.0,1.75
2,2023-04-30 20:58:14,2023-04-30 21:06:05,2,3.89,1,N,138,92,1,17.0,6.0,0.5,4.9,0.0,1,31.15,0.0,1.75
2,2023-04-30 20:20:28,2023-04-30 20:38:16,1,3.07,1,N,100,239,1,19.1,1.0,0.5,0.0,0.0,1,24.1,2.5,0.0
2,2023-04-30 20:31:30,2023-04-30 20:45:28,1,7.8,1,N,70,262,1,31.0,1.0,0.5,8.86,6.55,1,53.16,2.5,1.75
2,2023-04-30 20:07:27,2023-04-30 20:24:06,1,5.25,1,N,113,238,1,23.3,1.0,0.5,4.24,0.0,1,32.54,2.5,0.0
2,2023-04-30 20:39:22,2023-04-30 20:46:19,3,2.26,1,N,249,87,1,11.4,1.0,0.5,3.28,0.0,1,19.68,2.5,0.0
2,2023-04-30 20:56:37,2023-04-30 21:08:59,1,2.33,1,N,261,232,1,14.2,1.0,0.5,3.84,0.0,1,23.04,2.5,0.0
1,2023-04-30 20:01:54,2023-04-30 20:40:44,1,17.9,2,N,132,143,1,70.0,4.25,0.5,5.0,0.0,1,80.75,2.5,1.75
